"customer_id","client","route_ids","scheduled_pickup_days","days_at_or_below_100","percent_days_at_or_below_100","total_parcels_created","average_parcels_per_pickup_day","max_parcels_in_one_day","total_shipments_created","average_cubic_volume","volume_measured_parcels","average_weight","weight_measured_parcels","first_pickup_day","last_pickup_day"
"112008","BUROPRO CITATION ST HYACINTHE","50012","9","9","100","0","0","0","0","1979.57","11","22.95","11","7/28/2026 12:00:00 AM","8/25/2026 12:00:00 AM"
"303523","NOVENTRA INDUSTRIES","50027","9","9","100","0","0","0","0","2486.96","174","6.54","174","7/28/2026 12:00:00 AM","8/25/2026 12:00:00 AM"
"154786","PRO PNEUS DEMARTIGNY INC","50017","22","22","100","0","0","0","0",,,,,"7/27/2026 12:00:00 AM","8/25/2026 12:00:00 AM"
"303538","SHIPTO 2","50002","22","22","100","0","0","0","0",,,,,"7/27/2026 12:00:00 AM","8/25/2026 12:00:00 AM"
"303003","SIMONS PICKUP ST-BRUNO","50012","22","22","100","0","0","0","0",,,,,"7/27/2026 12:00:00 AM","8/25/2026 12:00:00 AM"
"303041","SINOPÉ","50010","5","5","100","0","0","0","0",,"0","1","1","7/28/2026 12:00:00 AM","8/25/2026 12:00:00 AM"
"303598","DIFFUSION DIMEDIA INC. - SNR","50014","22","22","100","2","0.09","1","2","226.3","2","6.5","2","7/27/2026 12:00:00 AM","8/25/2026 12:00:00 AM"
"163000","PROMOTION DU LIVRE SDM INC","50002","22","22","100","1","0.05","1","1",,"0","2","1","7/27/2026 12:00:00 AM","8/25/2026 12:00:00 AM"
"303322","J.E. MONDOU MASCOUCHE","50000 / 50004 / 50015 / 50004 / 50024","22","22","100","12","0.55","3","12","1966.27","12","26.65","12","7/27/2026 12:00:00 AM","8/25/2026 12:00:00 AM"
"111444","LES EDITIONS C.E.C INC (NAT_FLEX )","50011","22","22","100","15","0.68","3","15","344.96","15","5.27","15","7/27/2026 12:00:00 AM","8/25/2026 12:00:00 AM"
"303299","TRUDEAU CORPORATION INTERNATIONAL INC","50027","4","4","100","16","4","6","14","4469.86","113","28.48","119","7/31/2026 12:00:00 AM","8/21/2026 12:00:00 AM"
"107821","BROWNING CANADA SPORTS LTEE","50016","22","22","100","22","1","7","22","1590.31","22","13.04","22","7/27/2026 12:00:00 AM","8/25/2026 12:00:00 AM"
"101680","CAMEMAT INC.","50012","9","9","100","23","2.56","7","13","2459.49","23","19.73","23","7/28/2026 12:00:00 AM","8/25/2026 12:00:00 AM"
"130400","ENTREPRISES HAMELIN","50013","8","8","100","24","3","7","11","3374.24","25","27.21","30","7/29/2026 12:00:00 AM","8/21/2026 12:00:00 AM"
"303201","FAMILYCROPS","50001","22","22","100","38","1.73","8","31","1452.84","33","17.84","38","7/27/2026 12:00:00 AM","8/25/2026 12:00:00 AM"
"302189","LE JEAN BLEU INC","50018","22","22","100","38","1.73","9","38","551.85","37","2.91","38","7/27/2026 12:00:00 AM","8/25/2026 12:00:00 AM"
"159947","PRODUITS SANITAIRES ROYAL NET INC.","50002","22","22","100","182","8.27","18","135","2166.93","174","25.88","182","7/27/2026 12:00:00 AM","8/25/2026 12:00:00 AM"
"124547","FABRAPLY INC.","50018","22","22","100","149","6.77","20","61","1782.41","144","30.74","149","7/27/2026 12:00:00 AM","8/25/2026 12:00:00 AM"
"302339","FABRICVILLE","50007 / 50014","22","22","100","206","9.36","20","203","2191.26","200","10.66","206","7/27/2026 12:00:00 AM","8/25/2026 12:00:00 AM"
"302184","NORKA LIVING","50016","22","22","100","188","8.55","21","149","11808.33","219","22.17","240","7/27/2026 12:00:00 AM","8/25/2026 12:00:00 AM"
"301566","PROMOTION RODEL","50013","22","22","100","190","8.64","25","120","1360.89","183","18","190","7/27/2026 12:00:00 AM","8/25/2026 12:00:00 AM"
"110997","CARDINAL COURRIERS LTEE","50002","22","22","100","313","14.23","30","230","2648.39","308","21.96","313","7/27/2026 12:00:00 AM","8/25/2026 12:00:00 AM"
"102570","SUPPLEMENTS AROMATIK INC.","50013","22","22","100","307","13.95","31","119","1621.37","226","22.49","307","7/27/2026 12:00:00 AM","8/25/2026 12:00:00 AM"
"301229","COMPASS GROUP CANADA/MA CAFÉINE","50001","22","22","100","304","13.82","32","257","1096.46","299","13.32","304","7/27/2026 12:00:00 AM","8/25/2026 12:00:00 AM"
"301238","EVOLUTION","50002","22","22","100","233","10.59","32","93","1226.39","227","44.53","233","7/27/2026 12:00:00 AM","8/25/2026 12:00:00 AM"
"109105","CANAROPA (1954) INC.","50018","22","22","100","422","19.18","33","221","1854.24","414","25.78","422","7/27/2026 12:00:00 AM","8/25/2026 12:00:00 AM"
"113333","COMMONWEALTH PLYWOOD (BOUCH)","50002 / 50004","22","22","100","319","14.5","34","257","5316.22","303","15.68","319","7/27/2026 12:00:00 AM","8/25/2026 12:00:00 AM"
"131875","HRS GLOBAL (9266-1677 QC INC)","50018","22","22","100","201","9.14","35","90","5802.77","187","30.57","201","7/27/2026 12:00:00 AM","8/25/2026 12:00:00 AM"
"107820","BROWNING CANADA SPORTS LTEE ( AAF )","50016","22","22","100","144","6.55","36","144","2865.24","141","21.88","144","7/27/2026 12:00:00 AM","8/25/2026 12:00:00 AM"
"156202","PROLOGUE (RETOURS)","50024","22","22","100","320","14.55","36","134","2184.39","264","25.18","310","7/27/2026 12:00:00 AM","8/25/2026 12:00:00 AM"
"112122","CHAUSSURES M&M FOOTWEAR","50016","22","22","100","206","9.36","37","34","6209.69","186","41.95","206","7/27/2026 12:00:00 AM","8/25/2026 12:00:00 AM"
"303280","BOUCLAIR 24 HEURES","50019","22","22","100","284","12.91","39","147","6846.08","287","23.95","288","7/27/2026 12:00:00 AM","8/25/2026 12:00:00 AM"
"101439","ACTION O&P INC","50010","22","22","100","371","16.86","40","211","5022.98","361","16.38","371","7/27/2026 12:00:00 AM","8/25/2026 12:00:00 AM"
"301166","BBQ QUÉBEC LONGUEUIL (B2C)","50013","22","22","100","305","13.86","41","286","1823.64","456","8.63","427","7/27/2026 12:00:00 AM","8/25/2026 12:00:00 AM"
"155787","DISTRIBUTION PRO EXCELLENCE-87","50012","22","22","100","107","4.86","44","40","3566.71","100","17.75","107","7/27/2026 12:00:00 AM","8/25/2026 12:00:00 AM"
"120468","DOMINION BLUELINE","50002","22","22","100","328","14.91","47","219","1321.11","325","16.53","328","7/27/2026 12:00:00 AM","8/25/2026 12:00:00 AM"
"301984","CHANTAL LACROIX B2C","50010","22","22","100","278","12.64","48","276","1536.98","273","7.37","278","7/27/2026 12:00:00 AM","8/25/2026 12:00:00 AM"
"302958","FRANKLIN EMPIRE","50016","22","22","100","589","26.77","49","407","1057.93","547","8.22","589","7/27/2026 12:00:00 AM","8/25/2026 12:00:00 AM"
"303547","SPI HEALTH & SAFETY","50024","22","22","100","429","19.5","49","286","2926.15","419","14.04","429","7/27/2026 12:00:00 AM","8/25/2026 12:00:00 AM"
"301226","GRANDWEST ENTERPRISES DISTAM (EASTERN DIVISION)","50013","22","22","100","703","31.95","51","463","2991.31","315","29.92","703","7/27/2026 12:00:00 AM","8/25/2026 12:00:00 AM"
"166045","EAB TOOL COMPANY","50029","22","22","100","779","35.41","54","421","1157.82","753","20.8","779","7/27/2026 12:00:00 AM","8/25/2026 12:00:00 AM"
"121340","ECOLOPHARM INC","50010","4","4","100","150","37.5","55","54","3039.09","139","12.7","150","7/30/2026 12:00:00 AM","8/20/2026 12:00:00 AM"
"151185","BAYARD PRESSE CANADA INC ( ADELF )","50014 / 50027","22","22","100","332","15.09","56","153","1266.11","274","20.87","332","7/27/2026 12:00:00 AM","8/25/2026 12:00:00 AM"
"131085","HIBBERT INTERNATIONAL INC.","50011","22","22","100","450","20.45","56","69","4210.41","438","19.84","450","7/27/2026 12:00:00 AM","8/25/2026 12:00:00 AM"
"105491","BLC INT'L INC ( LE GROUPE )","50001","22","22","100","540","24.55","60","179","1700.39","531","14.15","538","7/27/2026 12:00:00 AM","8/25/2026 12:00:00 AM"
"125007","DATA COMMUNICATION","50029","22","22","100","479","21.77","61","242","1406.76","449","28.25","479","7/27/2026 12:00:00 AM","8/25/2026 12:00:00 AM"
"145496","MATCO PACKAGING INC","50016","22","22","100","518","23.55","62","156","1506.44","510","18.02","518","7/27/2026 12:00:00 AM","8/25/2026 12:00:00 AM"
"101472","MESSAGERIES A.D.P. INC. (RETOURS)","50013","22","22","100","552","25.09","64","112","1806.85","498","25.28","549","7/27/2026 12:00:00 AM","8/25/2026 12:00:00 AM"
"303629","AUTO COUNTRY MONTRÉAL","50011","22","22","100","411","18.68","65","114","8736.03","230","55.51","430","7/27/2026 12:00:00 AM","8/25/2026 12:00:00 AM"
"163860","DISTRIBUTION SIGNATURE INC","50012","18","18","100","451","25.06","65","112","1933.64","411","19.69","451","7/27/2026 12:00:00 AM","8/25/2026 12:00:00 AM"
"145915","MEDIQUE MEDICAL SUPPLIES ( MGBR ) INC","50018","22","22","100","544","24.73","69","281","2546.72","501","13.02","507","7/27/2026 12:00:00 AM","8/25/2026 12:00:00 AM"
"302293","UPSIDEDRINKS.CA","50001 / 50007","22","22","100","844","38.36","70","660","2768.62","1128","26.11","1170","7/27/2026 12:00:00 AM","8/25/2026 12:00:00 AM"
"140702","LIEBERMANTEXTILES","50018","22","22","100","604","27.45","71","197","4007.18","578","26.01","604","7/27/2026 12:00:00 AM","8/25/2026 12:00:00 AM"
"165506","SPICERS CANADA ULC","50002","22","22","100","674","30.64","71","305","2382.77","642","29.15","674","7/27/2026 12:00:00 AM","8/25/2026 12:00:00 AM"
"164445","LES OLIVERAIES STAVROPOULOS","50002","18","18","100","502","27.89","72","247","2901.5","519","41.16","537","7/27/2026 12:00:00 AM","8/25/2026 12:00:00 AM"
"120790","DUROPAC","50010","22","22","100","733","33.32","78","186","1584.07","707","32.68","733","7/27/2026 12:00:00 AM","8/25/2026 12:00:00 AM"
"167812","CADRES VERBEC INC","50013","22","22","100","767","34.86","79","598","3265.33","720","13.55","767","7/27/2026 12:00:00 AM","8/25/2026 12:00:00 AM"
"303220","L'EMBALLAGE TOUT 3PL PIVAL STE-ANNE DE BELLEVUE","50019","22","22","100","628","28.55","79","185","2888.69","537","19.71","565","7/27/2026 12:00:00 AM","8/25/2026 12:00:00 AM"
"102620","PROMOTIONS ATLANTIQUES","50013","22","22","100","560","25.45","79","126","3157.89","652","15.63","710","7/27/2026 12:00:00 AM","8/25/2026 12:00:00 AM"
"303546","FASTCO CANADA","50019","22","22","100","1081","49.14","81","391","6594.66","998","41.21","1081","7/27/2026 12:00:00 AM","8/25/2026 12:00:00 AM"
"302525","CAMBIUM DISTRIBUTION","50019","22","22","100","781","35.5","82","120","4118.1","765","17.05","781","7/27/2026 12:00:00 AM","8/25/2026 12:00:00 AM"
"268418","PROVO LTD MTL","50016","22","22","100","958","43.55","82","200","2316.86","930","25.51","958","7/27/2026 12:00:00 AM","8/25/2026 12:00:00 AM"
"300482","CONFORT EXCELFLEX (BLEU ECO)","50012","22","22","100","632","28.73","83","352","7083.44","525","24.5","632","7/27/2026 12:00:00 AM","8/25/2026 12:00:00 AM"
"302624","EMPIRE","50001 / 50007","22","22","100","955","43.41","83","954","824.58","929","2.56","955","7/27/2026 12:00:00 AM","8/25/2026 12:00:00 AM"
"157449","LES EQUIPEMENTS QUEMONT INC","50024","22","22","100","903","41.05","83","512","1429.39","834","23.42","903","7/27/2026 12:00:00 AM","8/25/2026 12:00:00 AM"
"102790","AUTRUCHE","50011","18","18","100","670","37.22","92","125","2289.79","677","18.84","717","7/27/2026 12:00:00 AM","8/25/2026 12:00:00 AM"
"303067","CATSPORTS","50001","22","22","100","1055","47.95","94","535","4340.89","869","15.84","1055","7/27/2026 12:00:00 AM","8/25/2026 12:00:00 AM"
"137814","137814","50010","18","18","100","499","27.72","95","106","1011.78","528","13.88","568","7/27/2026 12:00:00 AM","8/25/2026 12:00:00 AM"
"129900","GUAY BEAUTE INC","50024","18","18","100","1112","61.78","95","823","1111.71","1194","13.76","1237","7/27/2026 12:00:00 AM","8/25/2026 12:00:00 AM"
"164210","LES SOEURS EN VRAC","50011","22","22","100","860","39.09","95","370","5904.43","834","46.06","860","7/27/2026 12:00:00 AM","8/25/2026 12:00:00 AM"
"302225","TANDEM 3PL","50001 / 50007","22","22","100","954","43.36","96","647","1551.69","1077","14.63","1100","7/27/2026 12:00:00 AM","8/25/2026 12:00:00 AM"
"150936","NOBLE GIFT","50014","22","22","100","614","27.91","98","211","3044.68","591","21.74","614","7/27/2026 12:00:00 AM","8/25/2026 12:00:00 AM"
"300627","DISTRIBUTION MORISSETTE","50013 / 50027","22","22","100","899","40.86","99","382","1648.98","883","15.87","899","7/27/2026 12:00:00 AM","8/25/2026 12:00:00 AM"
"102680","QUINCAILLERIE RICHELIEU LTEE RELIABLE","50001","22","22","100","1101","50.05","99","1101","647.1","1018","19.96","1101","7/27/2026 12:00:00 AM","8/25/2026 12:00:00 AM"
"145425","MARTECH","50001 / 50007","22","22","100","685","31.14","100","309","1049.07","623","22.46","685","7/27/2026 12:00:00 AM","8/25/2026 12:00:00 AM"
"182019","NASRI  INTERNATIONAL INC","50007 / 50014","22","22","100","395","17.95","100","161","3198.15","366","16.61","395","7/27/2026 12:00:00 AM","8/25/2026 12:00:00 AM"
"165776","TOMRA CANADA INC","50019","22","21","95.45","670","30.45","104","199","1598.29","624","33.62","670","7/27/2026 12:00:00 AM","8/25/2026 12:00:00 AM"
"303019","MAISON JACYNTHE INC","50013 / 50027","22","21","95.45","286","13","109","286","756.19","276","3.57","286","7/27/2026 12:00:00 AM","8/25/2026 12:00:00 AM"
"302414","WAREHOUSE","50024","22","21","95.45","1507","68.5","113","1304","1985.68","1431","9.46","1507","7/27/2026 12:00:00 AM","8/25/2026 12:00:00 AM"
"112140","TC MEDIA LIVRE INC (COLLECT)","50013 / 50027","22","21","95.45","865","39.32","156","440","1183.57","836","26.01","865","7/27/2026 12:00:00 AM","8/25/2026 12:00:00 AM"
"114309","DANESCO INC","50019","22","21","95.45","721","32.77","159","128","2956.66","675","18.76","721","7/27/2026 12:00:00 AM","8/25/2026 12:00:00 AM"
"109008","CANARM","50009","22","20","90.91","1311","59.59","116","352","2815.76","1119","11.45","1311","7/27/2026 12:00:00 AM","8/25/2026 12:00:00 AM"
"105210","D'AMOUR BICYCLE","50018","22","20","90.91","1542","70.09","116","749","4480.05","1487","25.48","1542","7/27/2026 12:00:00 AM","8/25/2026 12:00:00 AM"
"112005","BUROPRO CITATION DRUMMONVILLE","50012","22","20","90.91","1650","75","117","933","1674.37","1485","26.44","1650","7/27/2026 12:00:00 AM","8/25/2026 12:00:00 AM"
"130635","HARNOIS ENERGIES","50002","22","20","90.91","1060","48.18","126","312","1361.86","729","23.59","989","7/27/2026 12:00:00 AM","8/25/2026 12:00:00 AM"
"301311","AGENCE 2L","50005","22","20","90.91","1001","45.5","135","555","3250.93","974","15.43","1012","7/27/2026 12:00:00 AM","8/25/2026 12:00:00 AM"
"158563","QUINCAILLERIE RICHELIEU LTEE","50009","22","20","90.91","742","33.73","178","742","1331.85","556","12.13","742","7/27/2026 12:00:00 AM","8/25/2026 12:00:00 AM"
"302586","B&B C/O EKKINOX","50017","22","19","86.36","1312","59.64","115","674","5920.77","1193","15.81","1312","7/27/2026 12:00:00 AM","8/25/2026 12:00:00 AM"
"302190","TECHNOLOGIES EDUCATIO INC","50011","22","19","86.36","1490","67.73","123","1476","787.93","1444","5.47","1490","7/27/2026 12:00:00 AM","8/25/2026 12:00:00 AM"
"145369","MARION DISTRIBUTION","50024","22","19","86.36","1063","48.32","126","193","1051.96","1039","15.45","1058","7/27/2026 12:00:00 AM","8/25/2026 12:00:00 AM"
"303591","MAISON JACYNTHE B2B","50013 / 50027","22","19","86.36","752","34.18","160","64","1160.8","665","14.65","665","7/27/2026 12:00:00 AM","8/25/2026 12:00:00 AM"
"303513","YUPIK","50007 / 50014","22","19","86.36","1160","52.73","197","874","1188.2","1054","19.53","1160","7/27/2026 12:00:00 AM","8/25/2026 12:00:00 AM"
"301075","KARINE JONCAS COSMETIQUES","50007 / 50014","22","19","86.36","1106","50.27","321","844","1971.4","990","13.15","1106","7/27/2026 12:00:00 AM","8/25/2026 12:00:00 AM"
"125388","FORMEDICA LTEE","50013","22","18","81.82","1673","76.05","111","759","2787.16","1609","11.15","1663","7/27/2026 12:00:00 AM","8/25/2026 12:00:00 AM"
"145898","MEDIATECH","50009","22","18","81.82","1388","63.09","118","542","2593.44","1168","32.87","1388","7/27/2026 12:00:00 AM","8/25/2026 12:00:00 AM"
"303495","A1 IMPORTS","50024","22","18","81.82","1405","63.86","164","844","1748.35","1361","12.15","1405","7/27/2026 12:00:00 AM","8/25/2026 12:00:00 AM"
"129320","GRAND PRIX IMPORT","50011","22","17","77.27","1591","72.32","140","359","4248.82","1096","23.6","1591","7/27/2026 12:00:00 AM","8/25/2026 12:00:00 AM"
"303452","PARAMEDIC CANADA INC.","50017","22","17","77.27","1496","68","141","501","1876.78","1356","10.07","1452","7/27/2026 12:00:00 AM","8/25/2026 12:00:00 AM"
"145969","MIDLAND TRANSPORT LIMITED","50004 / 50018 / 50006 / 50018","22","17","77.27","1810","82.27","151","1011","2591.62","1671","26.01","1810","7/27/2026 12:00:00 AM","8/25/2026 12:00:00 AM"
"302180","LEADER AUTO RESSOURCE","50019","22","16","72.73","1742","79.18","134","755","1497.71","1656","15.94","1741","7/27/2026 12:00:00 AM","8/25/2026 12:00:00 AM"
"161402","SANI-MARC INC.","50029","22","16","72.73","1518","69","147","602","1546.9","1507","20.32","1607","7/27/2026 12:00:00 AM","8/25/2026 12:00:00 AM"
"131120","DISTRIBUTION HMH INC ","50014 / 50027","22","16","72.73","1791","81.41","193","1366","874.77","1715","16.45","1759","7/27/2026 12:00:00 AM","8/25/2026 12:00:00 AM"
"301022","GROUPE PHARMA","50001","22","16","72.73","1848","84","229","500","1763.69","1808","16.67","1848","7/27/2026 12:00:00 AM","8/25/2026 12:00:00 AM"
"121395","ERGOGRIP","50005 / 50027","13","9","69.23","1064","81.85","130","228","2806.68","1681","15.82","1729","7/27/2026 12:00:00 AM","8/24/2026 12:00:00 AM"
"168070","LES ATTACHES VISCAN","50002","22","15","68.18","1655","75.23","142","914","1213.52","1579","42.49","1656","7/27/2026 12:00:00 AM","8/25/2026 12:00:00 AM"
"302365","SHIPTO","50002","22","15","68.18","2050","93.18","236","1562","1916.32","1698","13.02","2050","7/27/2026 12:00:00 AM","8/25/2026 12:00:00 AM"
"103109","CAFE BARISTA INC","50014","22","14","63.64","2038","92.64","214","637","2247.73","1856","19.85","2004","7/27/2026 12:00:00 AM","8/25/2026 12:00:00 AM"
"144885","LUDIK DISTRIBUTION","50010","22","14","63.64","1751","79.59","269","212","1264.69","1651","14.69","1751","7/27/2026 12:00:00 AM","8/25/2026 12:00:00 AM"
"164964","SUZY'S INC","50016","22","13","59.09","3741","170.05","1490","3741","4190.33","3678","27.57","3741","7/27/2026 12:00:00 AM","8/25/2026 12:00:00 AM"
"105856","AQRCB","50000","9","5","55.56","1066","118.44","348","963","2190.89","2241","14.63","2216","7/28/2026 12:00:00 AM","8/25/2026 12:00:00 AM"
"103390","BEAUTE STAR INC ( MTL )","50009 / 50017","22","9","40.91","2354","107","194","815","1020.45","2242","11.88","2304","7/27/2026 12:00:00 AM","8/25/2026 12:00:00 AM"
"158800","ROCHELEAU","50012 / 50029","22","9","40.91","2426","110.27","202","1221","1932.64","2275","18.15","2426","7/27/2026 12:00:00 AM","8/25/2026 12:00:00 AM"
"302891","SUPERIOR SANY SOLUTIONS DIV. IMPERIAL DADE","50018","22","9","40.91","2482","112.82","220","893","2098.44","2317","19.7","2524","7/27/2026 12:00:00 AM","8/25/2026 12:00:00 AM"
"302226","MARIE-CLAIRE B2B","50008","22","8","36.36","3760","170.91","610","2588","4059.91","3461","23.39","3741","7/27/2026 12:00:00 AM","8/25/2026 12:00:00 AM"
"168059","V-TO INC. ( ST-HYACINTHE )","50012","22","7","31.82","2582","117.36","200","513","1711.54","2461","17.69","2582","7/27/2026 12:00:00 AM","8/25/2026 12:00:00 AM"
"302041","BOUCLAIR","50008 / 50019","22","7","31.82","2960","134.55","244","1575","6887.18","2928","21.06","3165","7/27/2026 12:00:00 AM","8/25/2026 12:00:00 AM"
"161425","SARSTEDT INC.                           ","50011","22","7","31.82","4422","201","468","1266","2344.49","4155","10.55","4403","7/27/2026 12:00:00 AM","8/25/2026 12:00:00 AM"
"118950","DIFFUSION DIMEDIA INC.","50014","22","6","27.27","3603","163.77","536","2362","1373.05","3434","21.01","3603","7/27/2026 12:00:00 AM","8/25/2026 12:00:00 AM"
"111445","LES EDITIONS CEC INC","50011","22","3","13.64","9529","433.14","2152","3563","1353.63","9298","32.13","9524","7/27/2026 12:00:00 AM","8/25/2026 12:00:00 AM"
"112060","CHALUT DIV BEAUTY SYSTEMS GROUP INC","50004","18","2","11.11","3919","217.72","393","1081","1332.57","4014","10.17","4105","7/27/2026 12:00:00 AM","8/25/2026 12:00:00 AM"
"156203","PROMOTIONS C.D. INC.","50004","22","2","9.09","3682","167.36","233","868","3243.04","3624","14.7","3682","7/27/2026 12:00:00 AM","8/25/2026 12:00:00 AM"
"107000","STAPLES CANADA ULC","50025","22","2","9.09","5437","247.14","388","5423","1811.93","5445","23.51","5613","7/27/2026 12:00:00 AM","8/25/2026 12:00:00 AM"
"300968","PNEUS A RABAIS 2","50008","22","2","9.09","4503","204.68","411","1209","5560.51","41","9.71","4504","7/27/2026 12:00:00 AM","8/25/2026 12:00:00 AM"
"301430","SAIL PLEIN AIR","50001","22","2","9.09","5787","263.05","516","5660","948.6","5420","3.13","5778","7/27/2026 12:00:00 AM","8/25/2026 12:00:00 AM"
"156200","PROLOGUE DISTRIBUTION","50004 / 50024","22","2","9.09","6104","277.45","1223","6046","1769.83","5523","22.24","6096","7/27/2026 12:00:00 AM","8/25/2026 12:00:00 AM"
"158568","RICOCHET","50024","22","2","9.09","15326","696.64","1831","3991","1293.25","13713","8.51","15284","7/27/2026 12:00:00 AM","8/25/2026 12:00:00 AM"
"101465","MESSAGERIES A.D.P  INC.","50011 / 50011 / 50013","22","2","9.09","30068","1366.73","6894","11449","1539.37","29133","24.02","30089","7/27/2026 12:00:00 AM","8/25/2026 12:00:00 AM"
"301320","BRAULT & BOUTHILLIER (BEAUMONT)","50007","22","1","4.55","4261","193.68","304","2997","2467.94","3398","19.01","4246","7/27/2026 12:00:00 AM","8/25/2026 12:00:00 AM"
"301776","LINEN CHEST","50009","22","1","4.55","5628","255.82","502","5625","2951.45","5622","9.6","5800","7/27/2026 12:00:00 AM","8/25/2026 12:00:00 AM"
"302448","ALTITUDE SPORTS","50016","22","1","4.55","8154","370.64","622","8154","1342.34","10831","3.28","10921","7/27/2026 12:00:00 AM","8/25/2026 12:00:00 AM"
"300118","STAPLES CANADA ULC","50009","22","1","4.55","9808","445.82","663","9798","1988.35","9104","16.74","9807","7/27/2026 12:00:00 AM","8/25/2026 12:00:00 AM"
"300684","DECATHLON","50000","22","1","4.55","13157","598.05","909","12601","2559.64","15992","6.13","16374","7/27/2026 12:00:00 AM","8/25/2026 12:00:00 AM"
"107860","HAMSTER (DIV. DE NOVEXCO INC.)","50001 / 50006 / 50009 / 50006 / 50009 / 50018","22","1","4.55","17057","775.32","1171","16968","1665.7","16005","21.12","17030","7/27/2026 12:00:00 AM","8/25/2026 12:00:00 AM"
"301212","LA MAISON SIMONS","50028","22","1","4.55","29915","1359.77","1775","29896","1520.93","32471","5.35","40633","7/27/2026 12:00:00 AM","8/25/2026 12:00:00 AM"
"111401","CDMV (COLIS)","50001","4","0","0","3245","811.25","1442","3245","2067","16930","19.52","17760","7/31/2026 12:00:00 AM","8/21/2026 12:00:00 AM"
"302039","LOTO-QUEBEC LOTERIES 2022","50005","22","0","0","46846","2129.36","3437","46821","425.77","33014","5.7","46852","7/27/2026 12:00:00 AM","8/25/2026 12:00:00 AM"
