"pickup_date","route_id","customer_id","client","scheduled_start","scheduled_end","shipments_created","shipping_orders_created"
"8/3/2026 12:00:00 AM","50010","137814","137814","00:00:00","22:30:00","10","10"
"8/3/2026 12:00:00 AM","50024","303495","A1 IMPORTS","00:00:00","13:30:00","50","50"
"8/3/2026 12:00:00 AM","50010","101439","ACTION O&P INC","00:00:00","16:30:00","12","12"
"8/3/2026 12:00:00 AM","50005","301311","AGENCE 2L","00:00:00","13:45:00","20","20"
"8/3/2026 12:00:00 AM","50011","303629","AUTO COUNTRY MONTRÉAL","00:00:00","15:00:00","0","0"
"8/3/2026 12:00:00 AM","50011","102790","AUTRUCHE","00:00:00","13:00:00","0","0"
"8/3/2026 12:00:00 AM","50017","302586","B&B C/O EKKINOX","00:00:00","14:00:00","9","9"
"8/3/2026 12:00:00 AM","50013","301166","BBQ QUÉBEC LONGUEUIL (B2C)","00:00:00","13:30:00","13","13"
"8/3/2026 12:00:00 AM","50017","103390","BEAUTE STAR INC ( MTL )","00:00:00","17:00:00","46","46"
"8/3/2026 12:00:00 AM","50001","105491","BLC INT'L INC ( LE GROUPE )","00:00:00","16:45:00","12","12"
"8/3/2026 12:00:00 AM","50019","303280","BOUCLAIR 24 HEURES","00:00:00","16:00:00","11","11"
"8/3/2026 12:00:00 AM","50016","107821","BROWNING CANADA SPORTS LTEE","00:00:00","15:30:00","0","0"
"8/3/2026 12:00:00 AM","50016","107820","BROWNING CANADA SPORTS LTEE ( AAF )","00:00:00","15:30:00","0","0"
"8/3/2026 12:00:00 AM","50013","167812","CADRES VERBEC INC","00:00:00","15:20:00","35","35"
"8/3/2026 12:00:00 AM","50014","103109","CAFE BARISTA INC","00:00:00","14:50:00","62","62"
"8/3/2026 12:00:00 AM","50019","302525","CAMBIUM DISTRIBUTION","00:00:00","16:45:00","8","8"
"8/3/2026 12:00:00 AM","50002","110997","CARDINAL COURRIERS LTEE","00:00:00","18:15:00","9","9"
"8/3/2026 12:00:00 AM","50001","303067","CATSPORTS","00:00:00","15:45:00","10","10"
"8/3/2026 12:00:00 AM","50004","112060","CHALUT DIV BEAUTY SYSTEMS GROUP INC","00:00:00","21:00:00","69","69"
"8/3/2026 12:00:00 AM","50010","301984","CHANTAL LACROIX B2C","00:00:00","13:30:00","26","26"
"8/3/2026 12:00:00 AM","50016","112122","CHAUSSURES M&M FOOTWEAR","00:00:00","15:00:00","0","0"
"8/3/2026 12:00:00 AM","50004","113333","COMMONWEALTH PLYWOOD (BOUCH)","00:00:00","19:30:00","21","21"
"8/3/2026 12:00:00 AM","50001","301229","COMPASS GROUP CANADA/MA CAFÉINE","00:00:00","13:00:00","22","22"
"8/3/2026 12:00:00 AM","50012","300482","CONFORT EXCELFLEX (BLEU ECO)","00:00:00","14:00:00","42","42"
"8/3/2026 12:00:00 AM","50029","125007","DATA COMMUNICATION","00:00:00","18:15:00","8","8"
"8/3/2026 12:00:00 AM","50014","303598","DIFFUSION DIMEDIA INC. - SNR","00:00:00","17:00:00","0","0"
"8/3/2026 12:00:00 AM","50014","131120","DISTRIBUTION HMH INC ","00:00:00","13:30:00","85","85"
"8/3/2026 12:00:00 AM","50027","300627","DISTRIBUTION MORISSETTE","00:00:00","16:00:00","35","35"
"8/3/2026 12:00:00 AM","50012","155787","DISTRIBUTION PRO EXCELLENCE-87","00:00:00","13:30:00","0","0"
"8/3/2026 12:00:00 AM","50002","120468","DOMINION BLUELINE","00:00:00","18:00:00","4","4"
"8/3/2026 12:00:00 AM","50010","120790","DUROPAC","00:00:00","16:10:00","13","13"
"8/3/2026 12:00:00 AM","50029","166045","EAB TOOL COMPANY","00:00:00","14:45:00","10","10"
"8/3/2026 12:00:00 AM","50001","302624","EMPIRE","00:00:00","15:30:00","72","71"
"8/3/2026 12:00:00 AM","50005","121395","ERGOGRIP","00:00:00","15:15:00","25","25"
"8/3/2026 12:00:00 AM","50002","301238","EVOLUTION","00:00:00","16:25:00","3","3"
"8/3/2026 12:00:00 AM","50018","124547","FABRAPLY INC.","00:00:00","14:00:00","3","3"
"8/3/2026 12:00:00 AM","50007","302339","FABRICVILLE","00:00:00","16:00:00","6","6"
"8/3/2026 12:00:00 AM","50001","303201","FAMILYCROPS","00:00:00","15:35:00","2","2"
"8/3/2026 12:00:00 AM","50013","125388","FORMEDICA LTEE","00:00:00","14:45:00","34","34"
"8/3/2026 12:00:00 AM","50016","302958","FRANKLIN EMPIRE","00:00:00","16:45:00","14","14"
"8/3/2026 12:00:00 AM","50011","129320","GRAND PRIX IMPORT","00:00:00","17:10:00","12","12"
"8/3/2026 12:00:00 AM","50001","301022","GROUPE PHARMA","00:00:00","15:35:00","29","29"
"8/3/2026 12:00:00 AM","50024","129900","GUAY BEAUTE INC","00:00:00","15:50:00","52","52"
"8/3/2026 12:00:00 AM","50002","130635","HARNOIS ENERGIES","00:00:00","15:30:00","18","18"
"8/3/2026 12:00:00 AM","50011","131085","HIBBERT INTERNATIONAL INC.","00:00:00","16:15:00","1","1"
"8/3/2026 12:00:00 AM","50018","131875","HRS GLOBAL (9266-1677 QC INC)","00:00:00","14:30:00","9","9"
"8/3/2026 12:00:00 AM","50004","303322","J.E. MONDOU MASCOUCHE","00:00:00","23:00:00","3","3"
"8/3/2026 12:00:00 AM","50019","303220","L'EMBALLAGE TOUT 3PL PIVAL STE-ANNE DE BELLEVUE","00:00:00","14:00:00","17","17"
"8/3/2026 12:00:00 AM","50018","302189","LE JEAN BLEU INC","00:00:00","17:15:00","0","0"
"8/3/2026 12:00:00 AM","50019","302180","LEADER AUTO RESSOURCE","00:00:00","16:00:00","38","38"
"8/3/2026 12:00:00 AM","50002","168070","LES ATTACHES VISCAN","00:00:00","17:00:00","52","52"
"8/3/2026 12:00:00 AM","50024","157449","LES EQUIPEMENTS QUEMONT INC","00:00:00","16:30:00","35","35"
"8/3/2026 12:00:00 AM","50011","164210","LES SOEURS EN VRAC","00:00:00","16:00:00","23","23"
"8/3/2026 12:00:00 AM","50018","140702","LIEBERMANTEXTILES","00:00:00","15:00:00","12","12"
"8/3/2026 12:00:00 AM","50027","303591","MAISON JACYNTHE B2B","00:00:00","15:00:00","0","0"
"8/3/2026 12:00:00 AM","50027","303019","MAISON JACYNTHE INC","00:00:00","15:00:00","24","24"
"8/3/2026 12:00:00 AM","50024","145369","MARION DISTRIBUTION","00:00:00","15:15:00","16","16"
"8/3/2026 12:00:00 AM","50001","145425","MARTECH","00:00:00","14:45:00","9","9"
"8/3/2026 12:00:00 AM","50016","145496","MATCO PACKAGING INC","00:00:00","16:00:00","0","0"
"8/3/2026 12:00:00 AM","50009","145898","MEDIATECH","00:00:00","15:30:00","33","33"
"8/3/2026 12:00:00 AM","50018","145915","MEDIQUE MEDICAL SUPPLIES ( MGBR ) INC","00:00:00","15:00:00","10","10"
"8/3/2026 12:00:00 AM","50006","145969","MIDLAND TRANSPORT LIMITED","00:00:00","00:00:00","33","33"
"8/3/2026 12:00:00 AM","50007","182019","NASRI  INTERNATIONAL INC","00:00:00","16:00:00","27","27"
"8/3/2026 12:00:00 AM","50014","150936","NOBLE GIFT","00:00:00","16:15:00","1","1"
"8/3/2026 12:00:00 AM","50016","302184","NORKA LIVING","00:00:00","14:30:00","15","15"
"8/3/2026 12:00:00 AM","50017","303452","PARAMEDIC CANADA INC.","00:00:00","16:00:00","31","31"
"8/3/2026 12:00:00 AM","50008","300968","PNEUS A RABAIS 2","00:00:00","08:30:00","69","69"
"8/3/2026 12:00:00 AM","50017","154786","PRO PNEUS DEMARTIGNY INC","00:00:00","13:00:00","0","0"
"8/3/2026 12:00:00 AM","50002","159947","PRODUITS SANITAIRES ROYAL NET INC.","00:00:00","15:00:00","7","7"
"8/3/2026 12:00:00 AM","50002","163000","PROMOTION DU LIVRE SDM INC","00:00:00","13:45:00","0","0"
"8/3/2026 12:00:00 AM","50013","301566","PROMOTION RODEL","00:00:00","15:50:00","12","12"
"8/3/2026 12:00:00 AM","50013","102620","PROMOTIONS ATLANTIQUES","00:00:00","13:40:00","3","3"
"8/3/2026 12:00:00 AM","50004","156203","PROMOTIONS C.D. INC.","00:00:00","18:30:00","43","43"
"8/3/2026 12:00:00 AM","50009","158563","QUINCAILLERIE RICHELIEU LTEE","00:00:00","20:00:00","0","0"
"8/3/2026 12:00:00 AM","50001","102680","QUINCAILLERIE RICHELIEU LTEE RELIABLE","00:00:00","17:25:00","21","21"
"8/3/2026 12:00:00 AM","50029","158800","ROCHELEAU","00:00:00","15:15:00","40","40"
"8/3/2026 12:00:00 AM","50029","161402","SANI-MARC INC.","00:00:00","15:45:00","38","38"
"8/3/2026 12:00:00 AM","50011","161425","SARSTEDT INC.                           ","00:00:00","15:00:00","62","62"
"8/3/2026 12:00:00 AM","50002","303538","SHIPTO 2","00:00:00","14:00:00","0","0"
"8/3/2026 12:00:00 AM","50012","303003","SIMONS PICKUP ST-BRUNO","00:00:00","15:30:00","0","0"
"8/3/2026 12:00:00 AM","50024","303547","SPI HEALTH & SAFETY","00:00:00","17:30:00","13","13"
"8/3/2026 12:00:00 AM","50018","302891","SUPERIOR SANY SOLUTIONS DIV. IMPERIAL DADE","00:00:00","14:45:00","26","26"
"8/3/2026 12:00:00 AM","50013","102570","SUPPLEMENTS AROMATIK INC.","00:00:00","15:15:00","11","11"
"8/3/2026 12:00:00 AM","50016","164964","SUZY'S INC","00:00:00","14:30:00","1","1"
"8/3/2026 12:00:00 AM","50001","302225","TANDEM 3PL","00:00:00","15:00:00","32","32"
"8/3/2026 12:00:00 AM","50011","302190","TECHNOLOGIES EDUCATIO INC","00:00:00","14:00:00","43","43"
"8/3/2026 12:00:00 AM","50001","302293","UPSIDEDRINKS.CA","00:00:00","15:15:00","31","31"
"8/3/2026 12:00:00 AM","50012","168059","V-TO INC. ( ST-HYACINTHE )","00:00:00","14:30:00","27","27"
"8/3/2026 12:00:00 AM","50024","302414","WAREHOUSE","00:00:00","17:15:00","61","61"
"8/3/2026 12:00:00 AM","50019","165776","TOMRA CANADA INC","15:00:00","13:45:00","29","29"
"8/3/2026 12:00:00 AM","50018","109105","CANAROPA (1954) INC.","16:30:00","16:15:00","13","13"
"8/3/2026 12:00:00 AM","50007","301075","KARINE JONCAS COSMETIQUES","16:30:00","15:15:00","18","18"
"8/3/2026 12:00:00 AM","50013","101472","MESSAGERIES A.D.P. INC. (RETOURS)","16:30:00","10:00:00","2","2"
"8/3/2026 12:00:00 AM","50024","156202","PROLOGUE (RETOURS)","16:30:00","13:00:00","7","7"
"8/3/2026 12:00:00 AM","50014","151185","BAYARD PRESSE CANADA INC ( ADELF )","17:00:00","14:00:00","5","5"
"8/3/2026 12:00:00 AM","50009","109008","CANARM","17:00:00","13:45:00","9","9"
"8/3/2026 12:00:00 AM","50018","105210","D'AMOUR BICYCLE","17:00:00","16:45:00","50","50"
"8/3/2026 12:00:00 AM","50013","301226","GRANDWEST ENTERPRISES DISTAM (EASTERN DIVISION)","17:00:00","16:15:00","17","17"
"8/3/2026 12:00:00 AM","50016","268418","PROVO LTD MTL","17:00:00","16:15:00","8","8"
"8/3/2026 12:00:00 AM","50018","145969","MIDLAND TRANSPORT LIMITED","18:00:00","14:15:00","33","33"
"8/3/2026 12:00:00 AM","50012","112005","BUROPRO CITATION DRUMMONVILLE",,"10:15:00","31","31"
"8/3/2026 12:00:00 AM","50019","114309","DANESCO INC",,"14:30:00","3","3"
"8/3/2026 12:00:00 AM","50012","163860","DISTRIBUTION SIGNATURE INC",,"15:00:00","3","3"
"8/3/2026 12:00:00 AM","50019","303546","FASTCO CANADA",,"15:30:00","16","16"
"8/3/2026 12:00:00 AM","50024","303322","J.E. MONDOU MASCOUCHE",,"20:00:00","3","3"
"8/3/2026 12:00:00 AM","50011","111444","LES EDITIONS C.E.C INC (NAT_FLEX )",,"15:30:00","0","0"
"8/3/2026 12:00:00 AM","50002","164445","LES OLIVERAIES STAVROPOULOS",,"15:30:00","12","12"
"8/3/2026 12:00:00 AM","50010","144885","LUDIK DISTRIBUTION",,"14:45:00","16","16"
"8/3/2026 12:00:00 AM","50002","165506","SPICERS CANADA ULC",,"18:45:00","21","21"
"8/3/2026 12:00:00 AM","50027","112140","TC MEDIA LIVRE INC (COLLECT)",,"14:30:00","6","6"
"8/3/2026 12:00:00 AM","50007","303513","YUPIK",,"15:00:00","1","1"
