"pickup_date","route_id","customer_id","client","scheduled_start","scheduled_end","shipments_created","shipping_orders_created","first_created_at","last_created_at"
"8/3/2026 12:00:00 AM","50010","137814","137814","00:00:00","22:30:00","10","10","8/3/2026 6:20:14 AM","8/3/2026 1:46:10 PM"
"8/3/2026 12:00:00 AM","50024","303495","A1 IMPORTS","00:00:00","13:30:00","50","50","8/3/2026 12:46:47 PM","8/3/2026 5:39:02 PM"
"8/3/2026 12:00:00 AM","50010","101439","ACTION O&P INC","00:00:00","16:30:00","12","12","8/3/2026 1:28:12 PM","8/3/2026 4:07:42 PM"
"8/3/2026 12:00:00 AM","50005","301311","AGENCE 2L","00:00:00","13:45:00","20","20","8/3/2026 8:30:02 AM","8/3/2026 3:50:04 PM"
"8/3/2026 12:00:00 AM","50016","302448","ALTITUDE SPORTS","00:00:00","17:15:00","545","545","8/3/2026 8:15:09 AM","8/3/2026 5:56:48 PM"
"8/3/2026 12:00:00 AM","50017","302586","B&B C/O EKKINOX","00:00:00","14:00:00","9","9","8/3/2026 8:21:04 AM","8/3/2026 2:04:57 PM"
"8/3/2026 12:00:00 AM","50013","301166","BBQ QUÉBEC LONGUEUIL (B2C)","00:00:00","13:30:00","13","13","8/3/2026 9:14:45 AM","8/3/2026 12:09:36 PM"
"8/3/2026 12:00:00 AM","50017","103390","BEAUTE STAR INC ( MTL )","00:00:00","17:00:00","46","46","8/3/2026 10:30:28 AM","8/3/2026 4:52:43 PM"
"8/3/2026 12:00:00 AM","50001","105491","BLC INT'L INC ( LE GROUPE )","00:00:00","16:45:00","12","12","8/3/2026 11:58:14 AM","8/3/2026 3:53:18 PM"
"8/3/2026 12:00:00 AM","50125","301114","BLINDS TO GO","00:00:00","00:00:00","30","30","8/3/2026 11:32:46 AM","8/3/2026 3:40:07 PM"
"8/3/2026 12:00:00 AM","50019","302041","BOUCLAIR","00:00:00","16:00:00","101","101","8/3/2026 5:31:59 AM","8/3/2026 2:59:06 PM"
"8/3/2026 12:00:00 AM","50019","303280","BOUCLAIR 24 HEURES","00:00:00","16:00:00","11","11","8/3/2026 7:56:36 AM","8/3/2026 1:30:23 PM"
"8/3/2026 12:00:00 AM","50013","167812","CADRES VERBEC INC","00:00:00","15:20:00","35","35","8/3/2026 8:37:10 AM","8/3/2026 2:51:40 PM"
"8/3/2026 12:00:00 AM","50014","103109","CAFE BARISTA INC","00:00:00","14:50:00","62","62","8/3/2026 9:23:36 AM","8/3/2026 4:29:16 PM"
"8/3/2026 12:00:00 AM","50129","303197","CAFE LIEGEOIS","00:00:00","10:00:00","71","71","8/3/2026 8:59:22 AM","8/3/2026 3:48:26 PM"
"8/3/2026 12:00:00 AM","50019","302525","CAMBIUM DISTRIBUTION","00:00:00","16:45:00","8","8","8/3/2026 9:05:33 AM","8/3/2026 5:11:27 PM"
"8/3/2026 12:00:00 AM","50002","110997","CARDINAL COURRIERS LTEE","00:00:00","18:15:00","9","9","8/3/2026 7:04:53 AM","8/3/2026 4:28:30 PM"
"8/3/2026 12:00:00 AM","50001","303067","CATSPORTS","00:00:00","15:45:00","10","10","8/3/2026 6:54:34 AM","8/3/2026 2:09:51 PM"
"8/3/2026 12:00:00 AM","50004","112060","CHALUT DIV BEAUTY SYSTEMS GROUP INC","00:00:00","21:00:00","69","69","8/3/2026 7:08:42 PM","8/3/2026 7:09:31 PM"
"8/3/2026 12:00:00 AM","50010","301984","CHANTAL LACROIX B2C","00:00:00","13:30:00","26","26","8/3/2026 8:18:20 AM","8/3/2026 3:31:37 PM"
"8/3/2026 12:00:00 AM","50004","113333","COMMONWEALTH PLYWOOD (BOUCH)","00:00:00","19:30:00","21","21","8/3/2026 11:49:43 AM","8/3/2026 6:26:05 PM"
"8/3/2026 12:00:00 AM","50001","301229","COMPASS GROUP CANADA/MA CAFÉINE","00:00:00","13:00:00","22","22","8/3/2026 9:22:58 AM","8/3/2026 1:05:07 PM"
"8/3/2026 12:00:00 AM","50012","300482","CONFORT EXCELFLEX (BLEU ECO)","00:00:00","14:00:00","42","42","8/3/2026 9:53:37 AM","8/3/2026 3:35:48 PM"
"8/3/2026 12:00:00 AM","55609","303557","COPICOM MONTRÉAL","00:00:00","14:00:00","25","25","8/3/2026 9:08:14 AM","8/3/2026 3:37:21 PM"
"8/3/2026 12:00:00 AM","55609","113976","COURRIER PLUS","00:00:00","18:00:00","41","41","8/3/2026 5:03:36 PM","8/3/2026 6:06:28 PM"
"8/3/2026 12:00:00 AM","50029","125007","DATA COMMUNICATION","00:00:00","18:15:00","8","8","8/3/2026 7:29:09 AM","8/3/2026 1:56:10 PM"
"8/3/2026 12:00:00 AM","50000","300684","DECATHLON","00:00:00","18:00:00","770","770","8/3/2026 7:06:27 AM","8/3/2026 7:52:37 PM"
"8/3/2026 12:00:00 AM","50014","118950","DIFFUSION DIMEDIA INC.","00:00:00","17:00:00","305","305","8/3/2026 5:10:17 PM","8/3/2026 5:13:49 PM"
"8/3/2026 12:00:00 AM","50014","131120","DISTRIBUTION HMH INC ","00:00:00","13:30:00","85","85","8/3/2026 8:14:07 AM","8/3/2026 3:41:46 PM"
"8/3/2026 12:00:00 AM","50027","300627","DISTRIBUTION MORISSETTE","00:00:00","16:00:00","35","35","8/3/2026 11:16:08 AM","8/3/2026 4:33:14 PM"
"8/3/2026 12:00:00 AM","50002","120468","DOMINION BLUELINE","00:00:00","18:00:00","4","4","8/3/2026 3:11:05 PM","8/3/2026 4:11:57 PM"
"8/3/2026 12:00:00 AM","50010","120790","DUROPAC","00:00:00","16:10:00","13","13","8/3/2026 8:34:19 AM","8/3/2026 3:08:40 PM"
"8/3/2026 12:00:00 AM","50029","166045","EAB TOOL COMPANY","00:00:00","14:45:00","10","10","8/3/2026 8:47:02 AM","8/3/2026 2:16:50 PM"
"8/3/2026 12:00:00 AM","55601","121385","EDELSTEIN DIVERSIFIED CO LTD - ECHOTAPE","00:00:00","15:00:00","7","7","8/3/2026 9:48:40 AM","8/3/2026 12:44:18 PM"
"8/3/2026 12:00:00 AM","50001","302624","EMPIRE","00:00:00","15:30:00","72","71","8/3/2026 8:44:26 AM","8/3/2026 4:53:57 PM"
"8/3/2026 12:00:00 AM","50005","121395","ERGOGRIP","00:00:00","15:15:00","25","25","8/3/2026 9:32:24 AM","8/3/2026 2:25:27 PM"
"8/3/2026 12:00:00 AM","50002","301238","EVOLUTION","00:00:00","16:25:00","3","3","8/3/2026 1:00:29 PM","8/3/2026 1:10:11 PM"
"8/3/2026 12:00:00 AM","50018","124547","FABRAPLY INC.","00:00:00","14:00:00","3","3","8/3/2026 10:35:28 AM","8/3/2026 12:03:06 PM"
"8/3/2026 12:00:00 AM","50007","302339","FABRICVILLE","00:00:00","16:00:00","6","6","8/3/2026 10:52:12 AM","8/3/2026 3:21:38 PM"
"8/3/2026 12:00:00 AM","50001","303201","FAMILYCROPS","00:00:00","15:35:00","2","2","8/3/2026 8:28:30 AM","8/3/2026 8:32:58 AM"
"8/3/2026 12:00:00 AM","50013","125388","FORMEDICA LTEE","00:00:00","14:45:00","34","34","8/3/2026 7:31:49 AM","8/3/2026 3:45:49 PM"
"8/3/2026 12:00:00 AM","50016","302958","FRANKLIN EMPIRE","00:00:00","16:45:00","14","14","8/3/2026 8:56:58 AM","8/3/2026 4:26:47 PM"
"8/3/2026 12:00:00 AM","50011","129320","GRAND PRIX IMPORT","00:00:00","17:10:00","12","12","8/3/2026 9:38:45 AM","8/3/2026 4:12:01 PM"
"8/3/2026 12:00:00 AM","50001","301022","GROUPE PHARMA","00:00:00","15:35:00","29","29","8/3/2026 8:34:04 AM","8/3/2026 3:13:40 PM"
"8/3/2026 12:00:00 AM","50024","129900","GUAY BEAUTE INC","00:00:00","15:50:00","52","52","8/3/2026 8:34:21 AM","8/3/2026 3:36:05 PM"
"8/3/2026 12:00:00 AM","50001","107860","HAMSTER (DIV. DE NOVEXCO INC.)","00:00:00","19:45:00","711","711","8/3/2026 6:09:35 AM","8/3/2026 9:08:01 PM"
"8/3/2026 12:00:00 AM","50006","107860","HAMSTER (DIV. DE NOVEXCO INC.)","00:00:00","22:00:00","711","711","8/3/2026 6:09:35 AM","8/3/2026 9:08:01 PM"
"8/3/2026 12:00:00 AM","50009","107860","HAMSTER (DIV. DE NOVEXCO INC.)","00:00:00","13:00:00","711","711","8/3/2026 6:09:35 AM","8/3/2026 9:08:01 PM"
"8/3/2026 12:00:00 AM","50002","130635","HARNOIS ENERGIES","00:00:00","15:30:00","18","18","8/3/2026 9:55:54 AM","8/3/2026 4:06:24 PM"
"8/3/2026 12:00:00 AM","50011","131085","HIBBERT INTERNATIONAL INC.","00:00:00","16:15:00","1","1","8/3/2026 2:46:25 PM","8/3/2026 2:46:25 PM"
"8/3/2026 12:00:00 AM","50018","131875","HRS GLOBAL (9266-1677 QC INC)","00:00:00","14:30:00","9","9","8/3/2026 8:00:27 AM","8/3/2026 2:58:53 PM"
"8/3/2026 12:00:00 AM","50004","303322","J.E. MONDOU MASCOUCHE","00:00:00","23:00:00","3","3","8/3/2026 12:43:19 PM","8/3/2026 1:36:33 PM"
"8/3/2026 12:00:00 AM","50019","303220","L'EMBALLAGE TOUT 3PL PIVAL STE-ANNE DE BELLEVUE","00:00:00","14:00:00","17","17","8/3/2026 9:36:33 AM","8/3/2026 12:51:32 PM"
"8/3/2026 12:00:00 AM","50028","301212","LA MAISON SIMONS","00:00:00","00:00:00","1534","1534","8/3/2026 7:24:01 AM","8/3/2026 7:08:53 PM"
"8/3/2026 12:00:00 AM","50019","302180","LEADER AUTO RESSOURCE","00:00:00","16:00:00","38","38","8/3/2026 7:17:47 AM","8/3/2026 2:49:40 PM"
"8/3/2026 12:00:00 AM","50002","168070","LES ATTACHES VISCAN","00:00:00","17:00:00","52","52","8/3/2026 8:51:44 AM","8/3/2026 4:58:46 PM"
"8/3/2026 12:00:00 AM","50011","111445","LES EDITIONS CEC INC","00:00:00","15:30:00","208","208","8/3/2026 3:35:04 PM","8/3/2026 3:37:23 PM"
"8/3/2026 12:00:00 AM","50024","157449","LES EQUIPEMENTS QUEMONT INC","00:00:00","16:30:00","35","35","8/3/2026 8:53:27 AM","8/3/2026 4:29:21 PM"
"8/3/2026 12:00:00 AM","50011","164210","LES SOEURS EN VRAC","00:00:00","16:00:00","23","23","8/3/2026 1:49:08 PM","8/3/2026 3:03:17 PM"
"8/3/2026 12:00:00 AM","50018","140702","LIEBERMANTEXTILES","00:00:00","15:00:00","12","12","8/3/2026 12:35:35 PM","8/3/2026 2:31:14 PM"
"8/3/2026 12:00:00 AM","50009","301776","LINEN CHEST","00:00:00","14:15:00","295","295","8/3/2026 10:04:20 AM","8/3/2026 6:59:09 PM"
"8/3/2026 12:00:00 AM","50005","302039","LOTO-QUEBEC LOTERIES 2022","00:00:00","12:10:00","2362","2362","8/3/2026 6:39:00 AM","8/3/2026 4:07:49 PM"
"8/3/2026 12:00:00 AM","50005","302039","LOTO-QUEBEC LOTERIES 2022","00:00:00","16:00:00","2362","2362","8/3/2026 6:39:00 AM","8/3/2026 4:07:49 PM"
"8/3/2026 12:00:00 AM","50027","303019","MAISON JACYNTHE INC","00:00:00","15:00:00","24","24","8/3/2026 7:45:19 AM","8/3/2026 3:45:22 PM"
"8/3/2026 12:00:00 AM","50008","302226","MARIE-CLAIRE B2B","00:00:00","14:15:00","409","409","8/3/2026 7:13:56 AM","8/3/2026 2:24:58 PM"
"8/3/2026 12:00:00 AM","50024","145369","MARION DISTRIBUTION","00:00:00","15:15:00","16","16","8/3/2026 8:39:26 AM","8/3/2026 3:08:01 PM"
"8/3/2026 12:00:00 AM","50001","145425","MARTECH","00:00:00","14:45:00","9","9","8/3/2026 9:39:59 AM","8/3/2026 2:33:21 PM"
"8/3/2026 12:00:00 AM","50009","145898","MEDIATECH","00:00:00","15:30:00","33","33","8/3/2026 8:35:29 AM","8/3/2026 3:54:44 PM"
"8/3/2026 12:00:00 AM","50018","145915","MEDIQUE MEDICAL SUPPLIES ( MGBR ) INC","00:00:00","15:00:00","10","10","8/3/2026 9:52:41 AM","8/3/2026 12:44:57 PM"
"8/3/2026 12:00:00 AM","55601","303085","MEGA VENTE D'ENTREPOT","00:00:00","13:30:00","37","37","8/3/2026 9:38:54 AM","8/3/2026 2:33:17 PM"
"8/3/2026 12:00:00 AM","50011","101465","MESSAGERIES A.D.P  INC.","00:00:00","19:30:00","739","739","8/3/2026 6:41:39 AM","8/3/2026 6:55:30 PM"
"8/3/2026 12:00:00 AM","50013","101465","MESSAGERIES A.D.P  INC.","00:00:00","09:30:00","739","739","8/3/2026 6:41:39 AM","8/3/2026 6:55:30 PM"
"8/3/2026 12:00:00 AM","50006","145969","MIDLAND TRANSPORT LIMITED","00:00:00","00:00:00","33","33","8/3/2026 8:35:28 AM","8/3/2026 3:46:58 PM"
"8/3/2026 12:00:00 AM","50007","182019","NASRI  INTERNATIONAL INC","00:00:00","16:00:00","27","27","8/3/2026 10:43:22 AM","8/3/2026 4:24:17 PM"
"8/3/2026 12:00:00 AM","50000","113300","NATIONEX","00:00:00","19:30:00","2","2","8/3/2026 9:44:13 AM","8/3/2026 11:57:17 PM"
"8/3/2026 12:00:00 AM","50001","113300","NATIONEX","00:00:00","18:00:00","2","2","8/3/2026 9:44:13 AM","8/3/2026 11:57:17 PM"
"8/3/2026 12:00:00 AM","50005","113300","NATIONEX","00:00:00","12:50:00","2","2","8/3/2026 9:44:13 AM","8/3/2026 11:57:17 PM"
"8/3/2026 12:00:00 AM","50005","113300","NATIONEX","00:00:00","18:00:00","2","2","8/3/2026 9:44:13 AM","8/3/2026 11:57:17 PM"
"8/3/2026 12:00:00 AM","50008","113300","NATIONEX","00:00:00","06:00:00","2","2","8/3/2026 9:44:13 AM","8/3/2026 11:57:17 PM"
"8/3/2026 12:00:00 AM","50008","113300","NATIONEX","00:00:00","12:00:00","2","2","8/3/2026 9:44:13 AM","8/3/2026 11:57:17 PM"
"8/3/2026 12:00:00 AM","50009","113300","NATIONEX","00:00:00","18:00:00","2","2","8/3/2026 9:44:13 AM","8/3/2026 11:57:17 PM"
"8/3/2026 12:00:00 AM","50010","113300","NATIONEX","00:00:00","17:00:00","2","2","8/3/2026 9:44:13 AM","8/3/2026 11:57:17 PM"
"8/3/2026 12:00:00 AM","50011","113300","NATIONEX","00:00:00","19:00:00","2","2","8/3/2026 9:44:13 AM","8/3/2026 11:57:17 PM"
"8/3/2026 12:00:00 AM","50017","113300","NATIONEX","00:00:00","19:15:00","2","2","8/3/2026 9:44:13 AM","8/3/2026 11:57:17 PM"
"8/3/2026 12:00:00 AM","50024","113300","NATIONEX","00:00:00","19:00:00","2","2","8/3/2026 9:44:13 AM","8/3/2026 11:57:17 PM"
"8/3/2026 12:00:00 AM","50029","113300","NATIONEX","00:00:00","20:00:00","2","2","8/3/2026 9:44:13 AM","8/3/2026 11:57:17 PM"
"8/3/2026 12:00:00 AM","50017","300618","NATIONEX BLAINVILLE","00:00:00","21:45:00","2","2","8/3/2026 7:46:17 AM","8/3/2026 1:11:50 PM"
"8/3/2026 12:00:00 AM","50018","300618","NATIONEX BLAINVILLE","00:00:00","19:00:00","2","2","8/3/2026 7:46:17 AM","8/3/2026 1:11:50 PM"
"8/3/2026 12:00:00 AM","50024","300618","NATIONEX BLAINVILLE","00:00:00","17:45:00","2","2","8/3/2026 7:46:17 AM","8/3/2026 1:11:50 PM"
"8/3/2026 12:00:00 AM","50014","150936","NOBLE GIFT","00:00:00","16:15:00","1","1","8/3/2026 1:23:12 PM","8/3/2026 1:23:12 PM"
"8/3/2026 12:00:00 AM","50016","302184","NORKA LIVING","00:00:00","14:30:00","15","15","8/3/2026 6:41:27 AM","8/3/2026 3:05:59 PM"
"8/3/2026 12:00:00 AM","57104","301780","OBERSON","00:00:00","16:00:00","22","22","8/3/2026 8:55:33 AM","8/3/2026 2:08:33 PM"
"8/3/2026 12:00:00 AM","55601","303142","ONE WAY NOVELTIES INC.","00:00:00","13:30:00","3","3","8/3/2026 11:30:34 AM","8/3/2026 1:45:16 PM"
"8/3/2026 12:00:00 AM","50017","303452","PARAMEDIC CANADA INC.","00:00:00","16:00:00","31","31","8/3/2026 8:07:50 AM","8/3/2026 4:32:00 PM"
"8/3/2026 12:00:00 AM","50008","300968","PNEUS A RABAIS 2","00:00:00","08:30:00","69","69","8/3/2026 7:54:33 AM","8/3/2026 3:27:24 PM"
"8/3/2026 12:00:00 AM","50002","159947","PRODUITS SANITAIRES ROYAL NET INC.","00:00:00","15:00:00","7","7","8/3/2026 1:27:12 PM","8/3/2026 1:59:05 PM"
"8/3/2026 12:00:00 AM","50004","156200","PROLOGUE DISTRIBUTION","00:00:00","22:00:00","171","171","8/3/2026 8:30:54 AM","8/3/2026 10:53:18 PM"
"8/3/2026 12:00:00 AM","50013","301566","PROMOTION RODEL","00:00:00","15:50:00","12","12","8/3/2026 12:48:42 PM","8/3/2026 3:34:22 PM"
"8/3/2026 12:00:00 AM","50013","102620","PROMOTIONS ATLANTIQUES","00:00:00","13:40:00","3","3","8/3/2026 9:40:21 AM","8/3/2026 1:16:05 PM"
"8/3/2026 12:00:00 AM","50004","156203","PROMOTIONS C.D. INC.","00:00:00","18:30:00","43","43","8/3/2026 7:14:56 AM","8/3/2026 3:55:42 PM"
"8/3/2026 12:00:00 AM","50001","102680","QUINCAILLERIE RICHELIEU LTEE RELIABLE","00:00:00","17:25:00","21","21","8/3/2026 6:10:35 PM","8/3/2026 6:10:53 PM"
"8/3/2026 12:00:00 AM","55610","302874","REPAS WECOOK (MEALKIT)","00:00:00","17:00:00","287","287","8/3/2026 11:43:46 AM","8/3/2026 12:07:48 PM"
"8/3/2026 12:00:00 AM","50029","158800","ROCHELEAU","00:00:00","15:15:00","40","40","8/3/2026 8:15:38 AM","8/3/2026 4:07:12 PM"
"8/3/2026 12:00:00 AM","50001","301430","SAIL PLEIN AIR","00:00:00","13:00:00","358","358","8/3/2026 7:46:31 AM","8/3/2026 6:06:36 PM"
"8/3/2026 12:00:00 AM","50029","161402","SANI-MARC INC.","00:00:00","15:45:00","38","38","8/3/2026 7:50:03 AM","8/3/2026 3:32:02 PM"
"8/3/2026 12:00:00 AM","50011","161425","SARSTEDT INC.                           ","00:00:00","15:00:00","62","62","8/3/2026 8:11:04 AM","8/3/2026 3:59:05 PM"
"8/3/2026 12:00:00 AM","50002","302365","SHIPTO","00:00:00","14:00:00","135","135","8/3/2026 7:21:24 AM","8/3/2026 3:56:52 PM"
"8/3/2026 12:00:00 AM","50024","303547","SPI HEALTH & SAFETY","00:00:00","17:30:00","13","13","8/3/2026 8:56:32 AM","8/3/2026 5:23:51 PM"
"8/3/2026 12:00:00 AM","50009","300118","STAPLES CANADA ULC","00:00:00","19:30:00","580","580","8/3/2026 8:56:30 AM","8/3/2026 3:07:10 PM"
"8/3/2026 12:00:00 AM","50025","107000","STAPLES CANADA ULC","00:00:00","22:30:00","272","272","8/3/2026 8:44:37 PM","8/3/2026 8:47:31 PM"
"8/3/2026 12:00:00 AM","50018","302891","SUPERIOR SANY SOLUTIONS DIV. IMPERIAL DADE","00:00:00","14:45:00","26","26","8/3/2026 8:47:19 AM","8/3/2026 11:10:49 AM"
"8/3/2026 12:00:00 AM","50013","102570","SUPPLEMENTS AROMATIK INC.","00:00:00","15:15:00","11","11","8/3/2026 9:04:30 AM","8/3/2026 3:05:46 PM"
"8/3/2026 12:00:00 AM","50016","164964","SUZY'S INC","00:00:00","14:30:00","1","1","8/3/2026 12:31:35 PM","8/3/2026 12:31:35 PM"
"8/3/2026 12:00:00 AM","50001","302225","TANDEM 3PL","00:00:00","15:00:00","32","32","8/3/2026 7:10:47 AM","8/3/2026 2:48:00 PM"
"8/3/2026 12:00:00 AM","50011","302190","TECHNOLOGIES EDUCATIO INC","00:00:00","14:00:00","43","43","8/3/2026 8:21:27 AM","8/3/2026 1:42:03 PM"
"8/3/2026 12:00:00 AM","50001","302293","UPSIDEDRINKS.CA","00:00:00","15:15:00","31","31","8/3/2026 7:20:55 AM","8/3/2026 3:18:37 PM"
"8/3/2026 12:00:00 AM","50012","168059","V-TO INC. ( ST-HYACINTHE )","00:00:00","14:30:00","27","27","8/3/2026 10:54:28 AM","8/3/2026 1:04:31 PM"
"8/3/2026 12:00:00 AM","50024","302414","WAREHOUSE","00:00:00","17:15:00","61","61","8/3/2026 10:51:41 AM","8/3/2026 5:13:38 PM"
"8/3/2026 12:00:00 AM","50019","165776","TOMRA CANADA INC","15:00:00","13:45:00","29","29","8/3/2026 11:29:45 AM","8/3/2026 11:44:08 AM"
"8/3/2026 12:00:00 AM","50018","109105","CANAROPA (1954) INC.","16:30:00","16:15:00","13","13","8/3/2026 1:48:01 PM","8/3/2026 2:29:09 PM"
"8/3/2026 12:00:00 AM","50007","301075","KARINE JONCAS COSMETIQUES","16:30:00","15:15:00","18","18","8/3/2026 8:36:25 AM","8/3/2026 1:55:05 PM"
"8/3/2026 12:00:00 AM","50013","101472","MESSAGERIES A.D.P. INC. (RETOURS)","16:30:00","10:00:00","2","2","8/3/2026 12:34:45 PM","8/3/2026 4:14:07 PM"
"8/3/2026 12:00:00 AM","50024","156202","PROLOGUE (RETOURS)","16:30:00","13:00:00","7","7","8/3/2026 9:23:29 AM","8/3/2026 5:01:52 PM"
"8/3/2026 12:00:00 AM","50024","158568","RICOCHET","16:30:00","14:45:00","377","377","8/3/2026 6:46:07 AM","8/3/2026 7:11:44 PM"
"8/3/2026 12:00:00 AM","50014","151185","BAYARD PRESSE CANADA INC ( ADELF )","17:00:00","14:00:00","5","5","8/3/2026 11:29:27 AM","8/3/2026 6:04:11 PM"
"8/3/2026 12:00:00 AM","50009","109008","CANARM","17:00:00","13:45:00","9","9","8/3/2026 8:16:52 AM","8/3/2026 12:45:48 PM"
"8/3/2026 12:00:00 AM","50018","105210","D'AMOUR BICYCLE","17:00:00","16:45:00","50","50","8/3/2026 8:14:06 AM","8/3/2026 4:21:51 PM"
"8/3/2026 12:00:00 AM","50013","301226","GRANDWEST ENTERPRISES DISTAM (EASTERN DIVISION)","17:00:00","16:15:00","17","17","8/3/2026 8:09:08 AM","8/3/2026 3:52:33 PM"
"8/3/2026 12:00:00 AM","50016","268418","PROVO LTD MTL","17:00:00","16:15:00","8","8","8/3/2026 8:17:14 AM","8/3/2026 3:21:12 PM"
"8/3/2026 12:00:00 AM","50018","145969","MIDLAND TRANSPORT LIMITED","18:00:00","14:15:00","33","33","8/3/2026 8:35:28 AM","8/3/2026 3:46:58 PM"
"8/3/2026 12:00:00 AM","50008","302041","BOUCLAIR",,"12:00:00","101","101","8/3/2026 5:31:59 AM","8/3/2026 2:59:06 PM"
"8/3/2026 12:00:00 AM","50007","301320","BRAULT & BOUTHILLIER (BEAUMONT)",,"14:00:00","115","115","8/3/2026 8:21:56 AM","8/3/2026 6:51:37 PM"
"8/3/2026 12:00:00 AM","50012","112005","BUROPRO CITATION DRUMMONVILLE",,"10:15:00","31","31","8/3/2026 8:31:41 AM","8/3/2026 7:43:04 PM"
"8/3/2026 12:00:00 AM","50019","114309","DANESCO INC",,"14:30:00","3","3","8/3/2026 5:50:09 PM","8/3/2026 5:50:11 PM"
"8/3/2026 12:00:00 AM","55610","303548","DESIGNME HAIR ",,"14:30:00","33","33","8/3/2026 7:57:17 AM","8/3/2026 7:57:34 AM"
"8/3/2026 12:00:00 AM","55609","118950","DIFFUSION DIMEDIA INC.",,"17:00:00","305","305","8/3/2026 5:10:17 PM","8/3/2026 5:13:49 PM"
"8/3/2026 12:00:00 AM","50012","163860","DISTRIBUTION SIGNATURE INC",,"15:00:00","3","3","8/3/2026 11:09:56 AM","8/3/2026 2:12:00 PM"
"8/3/2026 12:00:00 AM","50019","303546","FASTCO CANADA",,"15:30:00","16","16","8/3/2026 8:13:54 AM","8/3/2026 2:18:13 PM"
"8/3/2026 12:00:00 AM","50024","303322","J.E. MONDOU MASCOUCHE",,"20:00:00","3","3","8/3/2026 12:43:19 PM","8/3/2026 1:36:33 PM"
"8/3/2026 12:00:00 AM","50130","136850","J.L. INC.",,"14:00:00","10","10","8/3/2026 4:47:20 PM","8/3/2026 4:47:27 PM"
"8/3/2026 12:00:00 AM","50002","164445","LES OLIVERAIES STAVROPOULOS",,"15:30:00","12","12","8/3/2026 11:57:46 AM","8/3/2026 2:08:32 PM"
"8/3/2026 12:00:00 AM","55610","302606","LEVITON",,"15:00:00","48","48","8/3/2026 2:10:56 PM","8/3/2026 6:46:20 PM"
"8/3/2026 12:00:00 AM","50010","144885","LUDIK DISTRIBUTION",,"14:45:00","16","16","8/3/2026 11:38:11 AM","8/3/2026 1:57:04 PM"
"8/3/2026 12:00:00 AM","50004","113300","NATIONEX",,"20:00:00","2","2","8/3/2026 9:44:13 AM","8/3/2026 11:57:17 PM"
"8/3/2026 12:00:00 AM","50024","156200","PROLOGUE DISTRIBUTION",,"17:00:00","171","171","8/3/2026 8:30:54 AM","8/3/2026 10:53:18 PM"
"8/3/2026 12:00:00 AM","50002","165506","SPICERS CANADA ULC",,"18:45:00","21","21","8/3/2026 9:19:05 AM","8/3/2026 5:14:48 PM"
"8/3/2026 12:00:00 AM","50027","112140","TC MEDIA LIVRE INC (COLLECT)",,"14:30:00","6","6","8/3/2026 7:54:29 AM","8/3/2026 12:42:15 PM"
"8/3/2026 12:00:00 AM","53007","303299","TRUDEAU CORPORATION INTERNATIONAL INC",,"13:00:00","2","2","8/3/2026 7:03:51 AM","8/3/2026 1:40:40 PM"
"8/3/2026 12:00:00 AM","50007","303513","YUPIK",,"15:00:00","1","1","8/3/2026 11:11:41 AM","8/3/2026 11:11:41 AM"
"8/10/2026 12:00:00 AM","50010","137814","137814","00:00:00","22:30:00","5","5","8/10/2026 9:26:21 AM","8/10/2026 3:09:44 PM"
"8/10/2026 12:00:00 AM","50024","303495","A1 IMPORTS","00:00:00","13:30:00","48","48","8/10/2026 7:09:55 AM","8/10/2026 3:29:10 PM"
"8/10/2026 12:00:00 AM","50010","101439","ACTION O&P INC","00:00:00","16:30:00","12","12","8/10/2026 9:33:37 AM","8/10/2026 4:00:55 PM"
"8/10/2026 12:00:00 AM","50005","301311","AGENCE 2L","00:00:00","13:45:00","67","67","8/10/2026 7:54:58 AM","8/10/2026 3:56:33 PM"
"8/10/2026 12:00:00 AM","50016","302448","ALTITUDE SPORTS","00:00:00","17:15:00","289","289","8/10/2026 10:37:12 AM","8/10/2026 6:01:20 PM"
"8/10/2026 12:00:00 AM","50011","303629","AUTO COUNTRY MONTRÉAL","00:00:00","15:00:00","13","13","8/10/2026 10:08:16 AM","8/10/2026 5:13:31 PM"
"8/10/2026 12:00:00 AM","50011","102790","AUTRUCHE","00:00:00","13:00:00","16","16","8/10/2026 5:48:12 AM","8/10/2026 9:46:51 AM"
"8/10/2026 12:00:00 AM","50017","302586","B&B C/O EKKINOX","00:00:00","14:00:00","52","52","8/10/2026 7:29:03 AM","8/10/2026 3:15:40 PM"
"8/10/2026 12:00:00 AM","50013","301166","BBQ QUÉBEC LONGUEUIL (B2C)","00:00:00","13:30:00","18","18","8/10/2026 9:02:01 AM","8/10/2026 3:30:29 PM"
"8/10/2026 12:00:00 AM","50017","103390","BEAUTE STAR INC ( MTL )","00:00:00","17:00:00","31","31","8/10/2026 10:23:59 AM","8/10/2026 4:54:08 PM"
"8/10/2026 12:00:00 AM","50001","105491","BLC INT'L INC ( LE GROUPE )","00:00:00","16:45:00","8","8","8/10/2026 12:02:20 PM","8/10/2026 3:31:22 PM"
"8/10/2026 12:00:00 AM","50125","301114","BLINDS TO GO","00:00:00","00:00:00","40","40","8/10/2026 10:38:11 AM","8/10/2026 1:37:15 PM"
"8/10/2026 12:00:00 AM","50019","302041","BOUCLAIR","00:00:00","16:00:00","44","44","8/10/2026 5:54:12 AM","8/10/2026 3:07:33 PM"
"8/10/2026 12:00:00 AM","50019","303280","BOUCLAIR 24 HEURES","00:00:00","16:00:00","6","6","8/10/2026 8:39:08 AM","8/10/2026 2:40:37 PM"
"8/10/2026 12:00:00 AM","50016","107821","BROWNING CANADA SPORTS LTEE","00:00:00","15:30:00","3","3","8/10/2026 9:09:55 AM","8/10/2026 10:34:53 AM"
"8/10/2026 12:00:00 AM","50016","107820","BROWNING CANADA SPORTS LTEE ( AAF )","00:00:00","15:30:00","36","36","8/10/2026 8:56:39 AM","8/10/2026 1:46:08 PM"
"8/10/2026 12:00:00 AM","50013","167812","CADRES VERBEC INC","00:00:00","15:20:00","25","25","8/10/2026 9:05:39 AM","8/10/2026 2:37:39 PM"
"8/10/2026 12:00:00 AM","50014","103109","CAFE BARISTA INC","00:00:00","14:50:00","45","45","8/10/2026 8:39:16 AM","8/10/2026 3:45:21 PM"
"8/10/2026 12:00:00 AM","50129","303197","CAFE LIEGEOIS","00:00:00","10:00:00","103","103","8/10/2026 9:27:05 AM","8/10/2026 5:21:24 PM"
"8/10/2026 12:00:00 AM","50019","302525","CAMBIUM DISTRIBUTION","00:00:00","16:45:00","4","4","8/10/2026 12:50:27 PM","8/10/2026 2:26:55 PM"
"8/10/2026 12:00:00 AM","50002","110997","CARDINAL COURRIERS LTEE","00:00:00","18:15:00","7","7","8/10/2026 3:44:45 PM","8/10/2026 3:55:58 PM"
"8/10/2026 12:00:00 AM","50001","303067","CATSPORTS","00:00:00","15:45:00","36","36","8/10/2026 7:18:52 AM","8/10/2026 2:41:07 PM"
"8/10/2026 12:00:00 AM","50004","112060","CHALUT DIV BEAUTY SYSTEMS GROUP INC","00:00:00","21:00:00","84","84","8/10/2026 7:37:08 PM","8/10/2026 7:38:09 PM"
"8/10/2026 12:00:00 AM","50016","112122","CHAUSSURES M&M FOOTWEAR","00:00:00","15:00:00","1","1","8/10/2026 8:53:09 AM","8/10/2026 8:53:09 AM"
"8/10/2026 12:00:00 AM","50004","113333","COMMONWEALTH PLYWOOD (BOUCH)","00:00:00","19:30:00","18","18","8/10/2026 3:07:10 PM","8/10/2026 6:52:33 PM"
"8/10/2026 12:00:00 AM","50001","301229","COMPASS GROUP CANADA/MA CAFÉINE","00:00:00","13:00:00","27","27","8/10/2026 9:53:43 AM","8/10/2026 1:29:12 PM"
"8/10/2026 12:00:00 AM","50012","300482","CONFORT EXCELFLEX (BLEU ECO)","00:00:00","14:00:00","24","24","8/10/2026 8:28:56 AM","8/10/2026 11:08:48 AM"
"8/10/2026 12:00:00 AM","55609","303557","COPICOM MONTRÉAL","00:00:00","14:00:00","21","21","8/10/2026 8:01:10 AM","8/10/2026 1:14:11 PM"
"8/10/2026 12:00:00 AM","55609","113976","COURRIER PLUS","00:00:00","18:00:00","39","39","8/10/2026 5:09:50 PM","8/10/2026 6:23:29 PM"
"8/10/2026 12:00:00 AM","50029","125007","DATA COMMUNICATION","00:00:00","18:15:00","23","23","8/10/2026 7:29:10 AM","8/10/2026 2:44:43 PM"
"8/10/2026 12:00:00 AM","50000","300684","DECATHLON","00:00:00","18:00:00","724","724","8/10/2026 6:40:37 AM","8/10/2026 5:57:35 PM"
"8/10/2026 12:00:00 AM","50014","118950","DIFFUSION DIMEDIA INC.","00:00:00","17:00:00","252","252","8/10/2026 5:10:22 PM","8/10/2026 5:13:16 PM"
"8/10/2026 12:00:00 AM","50014","131120","DISTRIBUTION HMH INC ","00:00:00","13:30:00","75","75","8/10/2026 8:22:43 AM","8/10/2026 12:30:34 PM"
"8/10/2026 12:00:00 AM","50027","300627","DISTRIBUTION MORISSETTE","00:00:00","16:00:00","13","13","8/10/2026 11:11:54 AM","8/10/2026 3:59:59 PM"
"8/10/2026 12:00:00 AM","50118","303256","DISTRIBUTIONS EL-TEX","00:00:00","00:00:00","1","1","8/10/2026 12:32:06 PM","8/10/2026 12:32:06 PM"
"8/10/2026 12:00:00 AM","50002","120468","DOMINION BLUELINE","00:00:00","18:00:00","3","3","8/10/2026 9:51:03 AM","8/10/2026 12:56:55 PM"
"8/10/2026 12:00:00 AM","50010","120790","DUROPAC","00:00:00","16:10:00","11","11","8/10/2026 8:42:22 AM","8/10/2026 3:01:44 PM"
"8/10/2026 12:00:00 AM","50029","166045","EAB TOOL COMPANY","00:00:00","14:45:00","23","23","8/10/2026 8:01:54 AM","8/10/2026 12:13:10 PM"
"8/10/2026 12:00:00 AM","55601","121385","EDELSTEIN DIVERSIFIED CO LTD - ECHOTAPE","00:00:00","15:00:00","6","6","8/10/2026 9:17:42 AM","8/10/2026 12:32:33 PM"
"8/10/2026 12:00:00 AM","50001","302624","EMPIRE","00:00:00","15:30:00","42","42","8/10/2026 12:20:41 PM","8/10/2026 2:48:06 PM"
"8/10/2026 12:00:00 AM","50005","121395","ERGOGRIP","00:00:00","15:15:00","11","11","8/10/2026 9:15:26 AM","8/10/2026 2:08:15 PM"
"8/10/2026 12:00:00 AM","50002","301238","EVOLUTION","00:00:00","16:25:00","9","9","8/10/2026 10:34:21 AM","8/10/2026 3:42:40 PM"
"8/10/2026 12:00:00 AM","50018","124547","FABRAPLY INC.","00:00:00","14:00:00","2","2","8/10/2026 10:41:35 AM","8/10/2026 10:58:03 AM"
"8/10/2026 12:00:00 AM","50007","302339","FABRICVILLE","00:00:00","16:00:00","20","20","8/10/2026 8:08:15 AM","8/10/2026 3:35:48 PM"
"8/10/2026 12:00:00 AM","50013","125388","FORMEDICA LTEE","00:00:00","14:45:00","28","28","8/10/2026 7:19:56 AM","8/10/2026 3:30:55 PM"
"8/10/2026 12:00:00 AM","50016","302958","FRANKLIN EMPIRE","00:00:00","16:45:00","19","19","8/10/2026 8:06:59 AM","8/10/2026 4:30:20 PM"
"8/10/2026 12:00:00 AM","50011","129320","GRAND PRIX IMPORT","00:00:00","17:10:00","18","18","8/10/2026 9:54:35 AM","8/10/2026 4:24:25 PM"
"8/10/2026 12:00:00 AM","50001","301022","GROUPE PHARMA","00:00:00","15:35:00","36","36","8/10/2026 8:50:52 AM","8/10/2026 1:49:33 PM"
"8/10/2026 12:00:00 AM","50024","129900","GUAY BEAUTE INC","00:00:00","15:50:00","50","50","8/10/2026 8:34:52 AM","8/10/2026 3:39:41 PM"
"8/10/2026 12:00:00 AM","50001","107860","HAMSTER (DIV. DE NOVEXCO INC.)","00:00:00","19:45:00","851","851","8/10/2026 9:03:32 AM","8/10/2026 10:40:48 PM"
"8/10/2026 12:00:00 AM","50006","107860","HAMSTER (DIV. DE NOVEXCO INC.)","00:00:00","22:00:00","851","851","8/10/2026 9:03:32 AM","8/10/2026 10:40:48 PM"
"8/10/2026 12:00:00 AM","50009","107860","HAMSTER (DIV. DE NOVEXCO INC.)","00:00:00","13:00:00","851","851","8/10/2026 9:03:32 AM","8/10/2026 10:40:48 PM"
"8/10/2026 12:00:00 AM","50002","130635","HARNOIS ENERGIES","00:00:00","15:30:00","10","10","8/10/2026 11:10:19 AM","8/10/2026 4:51:18 PM"
"8/10/2026 12:00:00 AM","50011","131085","HIBBERT INTERNATIONAL INC.","00:00:00","16:15:00","4","4","8/10/2026 10:50:16 AM","8/10/2026 2:56:56 PM"
"8/10/2026 12:00:00 AM","50019","303220","L'EMBALLAGE TOUT 3PL PIVAL STE-ANNE DE BELLEVUE","00:00:00","14:00:00","13","13","8/10/2026 11:27:55 AM","8/10/2026 12:44:43 PM"
"8/10/2026 12:00:00 AM","50028","301212","LA MAISON SIMONS","00:00:00","00:00:00","1414","1414","8/10/2026 7:39:58 AM","8/10/2026 5:29:25 PM"
"8/10/2026 12:00:00 AM","50019","302180","LEADER AUTO RESSOURCE","00:00:00","16:00:00","36","36","8/10/2026 7:57:01 AM","8/10/2026 4:04:12 PM"
"8/10/2026 12:00:00 AM","50002","168070","LES ATTACHES VISCAN","00:00:00","17:00:00","42","42","8/10/2026 8:22:21 AM","8/10/2026 4:48:56 PM"
"8/10/2026 12:00:00 AM","50011","111445","LES EDITIONS CEC INC","00:00:00","15:30:00","701","701","8/10/2026 11:42:53 AM","8/10/2026 4:17:39 PM"
"8/10/2026 12:00:00 AM","50024","157449","LES EQUIPEMENTS QUEMONT INC","00:00:00","16:30:00","17","17","8/10/2026 8:18:56 AM","8/10/2026 3:39:24 PM"
"8/10/2026 12:00:00 AM","50011","164210","LES SOEURS EN VRAC","00:00:00","16:00:00","10","10","8/10/2026 12:58:11 PM","8/10/2026 3:17:53 PM"
"8/10/2026 12:00:00 AM","50018","140702","LIEBERMANTEXTILES","00:00:00","15:00:00","5","5","8/10/2026 10:43:37 AM","8/10/2026 1:42:44 PM"
"8/10/2026 12:00:00 AM","50009","301776","LINEN CHEST","00:00:00","14:15:00","452","452","8/10/2026 8:13:49 AM","8/10/2026 4:30:06 PM"
"8/10/2026 12:00:00 AM","50005","302039","LOTO-QUEBEC LOTERIES 2022","00:00:00","12:10:00","2588","2588","8/10/2026 7:28:38 AM","8/10/2026 4:00:46 PM"
"8/10/2026 12:00:00 AM","50005","302039","LOTO-QUEBEC LOTERIES 2022","00:00:00","16:00:00","2588","2588","8/10/2026 7:28:38 AM","8/10/2026 4:00:46 PM"
"8/10/2026 12:00:00 AM","50027","303591","MAISON JACYNTHE B2B","00:00:00","15:00:00","2","2","8/10/2026 1:53:58 PM","8/10/2026 2:34:28 PM"
"8/10/2026 12:00:00 AM","50027","303019","MAISON JACYNTHE INC","00:00:00","15:00:00","30","30","8/10/2026 8:06:31 AM","8/10/2026 3:54:48 PM"
"8/10/2026 12:00:00 AM","50008","302226","MARIE-CLAIRE B2B","00:00:00","14:15:00","146","146","8/10/2026 7:31:12 AM","8/10/2026 1:37:08 PM"
"8/10/2026 12:00:00 AM","50024","145369","MARION DISTRIBUTION","00:00:00","15:15:00","13","13","8/10/2026 9:57:35 AM","8/10/2026 3:07:57 PM"
"8/10/2026 12:00:00 AM","50001","145425","MARTECH","00:00:00","14:45:00","14","14","8/10/2026 1:36:55 PM","8/10/2026 3:43:30 PM"
"8/10/2026 12:00:00 AM","50016","145496","MATCO PACKAGING INC","00:00:00","16:00:00","5","5","8/10/2026 1:18:10 PM","8/10/2026 3:49:02 PM"
"8/10/2026 12:00:00 AM","50009","145898","MEDIATECH","00:00:00","15:30:00","47","47","8/10/2026 7:41:45 AM","8/10/2026 3:59:55 PM"
"8/10/2026 12:00:00 AM","50018","145915","MEDIQUE MEDICAL SUPPLIES ( MGBR ) INC","00:00:00","15:00:00","7","7","8/10/2026 10:25:25 AM","8/10/2026 2:23:14 PM"
"8/10/2026 12:00:00 AM","55601","303085","MEGA VENTE D'ENTREPOT","00:00:00","13:30:00","46","46","8/10/2026 11:03:55 AM","8/10/2026 2:00:35 PM"
"8/10/2026 12:00:00 AM","50011","101465","MESSAGERIES A.D.P  INC.","00:00:00","19:30:00","822","822","8/10/2026 7:02:56 AM","8/10/2026 4:25:47 PM"
"8/10/2026 12:00:00 AM","50013","101465","MESSAGERIES A.D.P  INC.","00:00:00","09:30:00","822","822","8/10/2026 7:02:56 AM","8/10/2026 4:25:47 PM"
"8/10/2026 12:00:00 AM","50006","145969","MIDLAND TRANSPORT LIMITED","00:00:00","00:00:00","38","38","8/10/2026 8:41:52 AM","8/10/2026 12:54:54 PM"
"8/10/2026 12:00:00 AM","50007","182019","NASRI  INTERNATIONAL INC","00:00:00","16:00:00","6","6","8/10/2026 11:33:36 AM","8/10/2026 1:52:16 PM"
"8/10/2026 12:00:00 AM","50000","113300","NATIONEX","00:00:00","19:30:00","18","18","8/10/2026 6:35:57 AM","8/10/2026 3:42:57 PM"
"8/10/2026 12:00:00 AM","50001","113300","NATIONEX","00:00:00","18:00:00","18","18","8/10/2026 6:35:57 AM","8/10/2026 3:42:57 PM"
"8/10/2026 12:00:00 AM","50005","113300","NATIONEX","00:00:00","12:50:00","18","18","8/10/2026 6:35:57 AM","8/10/2026 3:42:57 PM"
"8/10/2026 12:00:00 AM","50005","113300","NATIONEX","00:00:00","18:00:00","18","18","8/10/2026 6:35:57 AM","8/10/2026 3:42:57 PM"
"8/10/2026 12:00:00 AM","50008","113300","NATIONEX","00:00:00","06:00:00","18","18","8/10/2026 6:35:57 AM","8/10/2026 3:42:57 PM"
"8/10/2026 12:00:00 AM","50008","113300","NATIONEX","00:00:00","12:00:00","18","18","8/10/2026 6:35:57 AM","8/10/2026 3:42:57 PM"
"8/10/2026 12:00:00 AM","50009","113300","NATIONEX","00:00:00","18:00:00","18","18","8/10/2026 6:35:57 AM","8/10/2026 3:42:57 PM"
"8/10/2026 12:00:00 AM","50010","113300","NATIONEX","00:00:00","17:00:00","18","18","8/10/2026 6:35:57 AM","8/10/2026 3:42:57 PM"
"8/10/2026 12:00:00 AM","50011","113300","NATIONEX","00:00:00","19:00:00","18","18","8/10/2026 6:35:57 AM","8/10/2026 3:42:57 PM"
"8/10/2026 12:00:00 AM","50017","113300","NATIONEX","00:00:00","19:15:00","18","18","8/10/2026 6:35:57 AM","8/10/2026 3:42:57 PM"
"8/10/2026 12:00:00 AM","50024","113300","NATIONEX","00:00:00","19:00:00","18","18","8/10/2026 6:35:57 AM","8/10/2026 3:42:57 PM"
"8/10/2026 12:00:00 AM","50029","113300","NATIONEX","00:00:00","20:00:00","18","18","8/10/2026 6:35:57 AM","8/10/2026 3:42:57 PM"
"8/10/2026 12:00:00 AM","50014","150936","NOBLE GIFT","00:00:00","16:15:00","12","12","8/10/2026 10:54:52 AM","8/10/2026 4:27:38 PM"
"8/10/2026 12:00:00 AM","50016","302184","NORKA LIVING","00:00:00","14:30:00","7","7","8/10/2026 6:52:47 AM","8/10/2026 8:26:16 AM"
"8/10/2026 12:00:00 AM","50130","151463","NUTRAMERICA","00:00:00","15:00:00","6","6","8/10/2026 12:32:08 PM","8/10/2026 1:25:25 PM"
"8/10/2026 12:00:00 AM","57104","301780","OBERSON","00:00:00","16:00:00","17","17","8/10/2026 11:05:39 AM","8/10/2026 2:02:51 PM"
"8/10/2026 12:00:00 AM","55601","303142","ONE WAY NOVELTIES INC.","00:00:00","13:30:00","1","1","8/10/2026 9:10:45 AM","8/10/2026 9:10:45 AM"
"8/10/2026 12:00:00 AM","50017","303452","PARAMEDIC CANADA INC.","00:00:00","16:00:00","22","22","8/10/2026 8:03:03 AM","8/10/2026 3:12:15 PM"
"8/10/2026 12:00:00 AM","50008","300968","PNEUS A RABAIS 2","00:00:00","08:30:00","84","84","8/10/2026 8:01:49 AM","8/10/2026 3:14:23 PM"
"8/10/2026 12:00:00 AM","50002","159947","PRODUITS SANITAIRES ROYAL NET INC.","00:00:00","15:00:00","2","2","8/10/2026 1:26:11 PM","8/10/2026 1:33:06 PM"
"8/10/2026 12:00:00 AM","50004","156200","PROLOGUE DISTRIBUTION","00:00:00","22:00:00","116","116","8/10/2026 11:33:27 AM","8/10/2026 9:40:34 PM"
"8/10/2026 12:00:00 AM","50013","301566","PROMOTION RODEL","00:00:00","15:50:00","13","13","8/10/2026 8:16:51 AM","8/10/2026 4:21:41 PM"
"8/10/2026 12:00:00 AM","50013","102620","PROMOTIONS ATLANTIQUES","00:00:00","13:40:00","3","3","8/10/2026 8:43:15 AM","8/10/2026 12:14:47 PM"
"8/10/2026 12:00:00 AM","50004","156203","PROMOTIONS C.D. INC.","00:00:00","18:30:00","46","46","8/10/2026 7:02:22 AM","8/10/2026 3:08:54 PM"
"8/10/2026 12:00:00 AM","50009","158563","QUINCAILLERIE RICHELIEU LTEE","00:00:00","20:00:00","1","1","8/10/2026 6:33:13 PM","8/10/2026 6:33:13 PM"
"8/10/2026 12:00:00 AM","50001","102680","QUINCAILLERIE RICHELIEU LTEE RELIABLE","00:00:00","17:25:00","13","13","8/10/2026 6:33:16 PM","8/10/2026 6:33:28 PM"
"8/10/2026 12:00:00 AM","55610","302874","REPAS WECOOK (MEALKIT)","00:00:00","17:00:00","287","287","8/10/2026 8:35:27 AM","8/10/2026 10:29:26 AM"
"8/10/2026 12:00:00 AM","50029","158800","ROCHELEAU","00:00:00","15:15:00","81","81","8/10/2026 8:02:28 AM","8/10/2026 4:06:32 PM"
"8/10/2026 12:00:00 AM","50001","301430","SAIL PLEIN AIR","00:00:00","13:00:00","368","368","8/10/2026 7:59:29 AM","8/10/2026 3:20:51 PM"
"8/10/2026 12:00:00 AM","50029","161402","SANI-MARC INC.","00:00:00","15:45:00","48","48","8/10/2026 8:22:33 AM","8/10/2026 3:54:35 PM"
"8/10/2026 12:00:00 AM","50011","161425","SARSTEDT INC.                           ","00:00:00","15:00:00","22","22","8/10/2026 10:29:21 AM","8/10/2026 11:54:23 AM"
"8/10/2026 12:00:00 AM","50002","302365","SHIPTO","00:00:00","14:00:00","82","82","8/10/2026 7:58:08 AM","8/10/2026 3:50:35 PM"
"8/10/2026 12:00:00 AM","50024","303547","SPI HEALTH & SAFETY","00:00:00","17:30:00","15","15","8/10/2026 8:54:33 AM","8/10/2026 4:10:45 PM"
"8/10/2026 12:00:00 AM","50009","300118","STAPLES CANADA ULC","00:00:00","19:30:00","663","663","8/10/2026 7:45:29 AM","8/10/2026 4:12:10 PM"
"8/10/2026 12:00:00 AM","50025","107000","STAPLES CANADA ULC","00:00:00","22:30:00","295","295","8/10/2026 9:03:04 PM","8/10/2026 9:06:06 PM"
"8/10/2026 12:00:00 AM","50018","302891","SUPERIOR SANY SOLUTIONS DIV. IMPERIAL DADE","00:00:00","14:45:00","65","65","8/10/2026 6:08:40 AM","8/10/2026 10:11:58 AM"
"8/10/2026 12:00:00 AM","50013","102570","SUPPLEMENTS AROMATIK INC.","00:00:00","15:15:00","3","3","8/10/2026 9:21:45 AM","8/10/2026 2:33:50 PM"
"8/10/2026 12:00:00 AM","50001","302225","TANDEM 3PL","00:00:00","15:00:00","22","22","8/10/2026 9:11:46 AM","8/10/2026 3:27:51 PM"
"8/10/2026 12:00:00 AM","50011","302190","TECHNOLOGIES EDUCATIO INC","00:00:00","14:00:00","39","39","8/10/2026 8:20:02 AM","8/10/2026 10:35:16 AM"
"8/10/2026 12:00:00 AM","50001","302293","UPSIDEDRINKS.CA","00:00:00","15:15:00","39","39","8/10/2026 7:01:43 AM","8/10/2026 3:50:17 PM"
"8/10/2026 12:00:00 AM","50012","168059","V-TO INC. ( ST-HYACINTHE )","00:00:00","14:30:00","19","19","8/10/2026 10:50:35 AM","8/10/2026 1:05:29 PM"
"8/10/2026 12:00:00 AM","50024","302414","WAREHOUSE","00:00:00","17:15:00","60","60","8/10/2026 10:48:54 AM","8/10/2026 5:16:00 PM"
"8/10/2026 12:00:00 AM","50019","165776","TOMRA CANADA INC","15:00:00","13:45:00","18","18","8/10/2026 11:10:01 AM","8/10/2026 11:23:52 AM"
"8/10/2026 12:00:00 AM","50018","109105","CANAROPA (1954) INC.","16:30:00","16:15:00","12","12","8/10/2026 2:04:08 PM","8/10/2026 2:38:36 PM"
"8/10/2026 12:00:00 AM","50007","301075","KARINE JONCAS COSMETIQUES","16:30:00","15:15:00","273","273","8/10/2026 8:25:10 AM","8/10/2026 4:26:51 PM"
"8/10/2026 12:00:00 AM","50013","101472","MESSAGERIES A.D.P. INC. (RETOURS)","16:30:00","10:00:00","5","5","8/10/2026 12:38:11 PM","8/10/2026 12:41:51 PM"
"8/10/2026 12:00:00 AM","50024","156202","PROLOGUE (RETOURS)","16:30:00","13:00:00","5","5","8/10/2026 10:44:30 AM","8/10/2026 5:41:07 PM"
"8/10/2026 12:00:00 AM","50024","158568","RICOCHET","16:30:00","14:45:00","83","83","8/10/2026 7:09:31 AM","8/10/2026 2:59:07 PM"
"8/10/2026 12:00:00 AM","50014","151185","BAYARD PRESSE CANADA INC ( ADELF )","17:00:00","14:00:00","6","6","8/10/2026 8:34:03 AM","8/10/2026 1:24:31 PM"
"8/10/2026 12:00:00 AM","50009","109008","CANARM","17:00:00","13:45:00","11","11","8/10/2026 9:19:02 AM","8/10/2026 3:37:25 PM"
"8/10/2026 12:00:00 AM","50018","105210","D'AMOUR BICYCLE","17:00:00","16:45:00","45","45","8/10/2026 7:53:57 AM","8/10/2026 4:30:20 PM"
"8/10/2026 12:00:00 AM","50013","301226","GRANDWEST ENTERPRISES DISTAM (EASTERN DIVISION)","17:00:00","16:15:00","21","21","8/10/2026 8:56:06 AM","8/10/2026 3:34:50 PM"
"8/10/2026 12:00:00 AM","50016","268418","PROVO LTD MTL","17:00:00","16:15:00","9","9","8/10/2026 10:28:47 AM","8/10/2026 3:56:53 PM"
"8/10/2026 12:00:00 AM","50018","145969","MIDLAND TRANSPORT LIMITED","18:00:00","14:15:00","38","38","8/10/2026 8:41:52 AM","8/10/2026 12:54:54 PM"
"8/10/2026 12:00:00 AM","50008","302041","BOUCLAIR",,"12:00:00","44","44","8/10/2026 5:54:12 AM","8/10/2026 3:07:33 PM"
"8/10/2026 12:00:00 AM","50007","301320","BRAULT & BOUTHILLIER (BEAUMONT)",,"14:00:00","177","177","8/10/2026 7:59:43 AM","8/10/2026 3:55:14 PM"
"8/10/2026 12:00:00 AM","50012","112005","BUROPRO CITATION DRUMMONVILLE",,"10:15:00","46","46","8/10/2026 9:07:14 AM","8/10/2026 3:29:53 PM"
"8/10/2026 12:00:00 AM","50019","114309","DANESCO INC",,"14:30:00","5","5","8/10/2026 5:50:16 PM","8/10/2026 5:50:20 PM"
"8/10/2026 12:00:00 AM","55610","303548","DESIGNME HAIR ",,"14:30:00","38","38","8/10/2026 7:43:04 AM","8/10/2026 8:14:27 AM"
"8/10/2026 12:00:00 AM","55609","118950","DIFFUSION DIMEDIA INC.",,"17:00:00","252","252","8/10/2026 5:10:22 PM","8/10/2026 5:13:16 PM"
"8/10/2026 12:00:00 AM","50012","163860","DISTRIBUTION SIGNATURE INC",,"15:00:00","10","10","8/10/2026 11:18:00 AM","8/10/2026 1:21:34 PM"
"8/10/2026 12:00:00 AM","50130","136850","J.L. INC.",,"14:00:00","10","10","8/10/2026 4:47:01 PM","8/10/2026 4:47:07 PM"
"8/10/2026 12:00:00 AM","50002","164445","LES OLIVERAIES STAVROPOULOS",,"15:30:00","22","22","8/10/2026 10:10:44 AM","8/10/2026 3:22:50 PM"
"8/10/2026 12:00:00 AM","55610","302606","LEVITON",,"15:00:00","16","16","8/10/2026 2:59:28 PM","8/10/2026 2:59:41 PM"
"8/10/2026 12:00:00 AM","50010","144885","LUDIK DISTRIBUTION",,"14:45:00","23","23","8/10/2026 7:30:07 AM","8/10/2026 3:10:04 PM"
"8/10/2026 12:00:00 AM","50004","113300","NATIONEX",,"20:00:00","18","18","8/10/2026 6:35:57 AM","8/10/2026 3:42:57 PM"
"8/10/2026 12:00:00 AM","50024","156200","PROLOGUE DISTRIBUTION",,"17:00:00","116","116","8/10/2026 11:33:27 AM","8/10/2026 9:40:34 PM"
"8/10/2026 12:00:00 AM","50002","165506","SPICERS CANADA ULC",,"18:45:00","23","23","8/10/2026 12:21:18 PM","8/10/2026 5:31:21 PM"
"8/10/2026 12:00:00 AM","50027","112140","TC MEDIA LIVRE INC (COLLECT)",,"14:30:00","15","15","8/10/2026 7:18:15 AM","8/10/2026 2:40:15 PM"
"8/10/2026 12:00:00 AM","53007","303299","TRUDEAU CORPORATION INTERNATIONAL INC",,"13:00:00","3","3","8/10/2026 6:33:59 AM","8/10/2026 10:42:25 AM"
"8/10/2026 12:00:00 AM","50007","303513","YUPIK",,"15:00:00","39","39","8/10/2026 9:09:08 AM","8/10/2026 2:18:18 PM"
"8/17/2026 12:00:00 AM","50010","137814","137814","00:00:00","22:30:00","8","8","8/17/2026 8:18:42 AM","8/17/2026 4:15:28 PM"
"8/17/2026 12:00:00 AM","50024","303495","A1 IMPORTS","00:00:00","13:30:00","1","1","8/17/2026 7:18:43 AM","8/17/2026 7:18:43 AM"
"8/17/2026 12:00:00 AM","50010","101439","ACTION O&P INC","00:00:00","16:30:00","12","12","8/17/2026 10:54:16 AM","8/17/2026 4:41:28 PM"
"8/17/2026 12:00:00 AM","50005","301311","AGENCE 2L","00:00:00","13:45:00","37","37","8/17/2026 9:09:13 AM","8/17/2026 2:16:55 PM"
"8/17/2026 12:00:00 AM","50016","302448","ALTITUDE SPORTS","00:00:00","17:15:00","368","368","8/17/2026 8:09:50 AM","8/17/2026 5:40:43 PM"
"8/17/2026 12:00:00 AM","50011","303629","AUTO COUNTRY MONTRÉAL","00:00:00","15:00:00","4","4","8/17/2026 11:19:48 AM","8/17/2026 6:51:53 PM"
"8/17/2026 12:00:00 AM","50011","102790","AUTRUCHE","00:00:00","13:00:00","10","10","8/17/2026 5:14:40 AM","8/17/2026 11:27:09 AM"
"8/17/2026 12:00:00 AM","50017","302586","B&B C/O EKKINOX","00:00:00","14:00:00","56","56","8/17/2026 8:02:51 AM","8/17/2026 3:11:54 PM"
"8/17/2026 12:00:00 AM","50013","301166","BBQ QUÉBEC LONGUEUIL (B2C)","00:00:00","13:30:00","23","23","8/17/2026 8:54:37 AM","8/17/2026 4:01:10 PM"
"8/17/2026 12:00:00 AM","50017","103390","BEAUTE STAR INC ( MTL )","00:00:00","17:00:00","44","44","8/17/2026 9:16:43 AM","8/17/2026 4:48:03 PM"
"8/17/2026 12:00:00 AM","50001","105491","BLC INT'L INC ( LE GROUPE )","00:00:00","16:45:00","11","11","8/17/2026 8:43:29 AM","8/17/2026 3:32:37 PM"
"8/17/2026 12:00:00 AM","50125","301114","BLINDS TO GO","00:00:00","00:00:00","25","25","8/17/2026 10:13:28 AM","8/17/2026 11:34:54 AM"
"8/17/2026 12:00:00 AM","50019","302041","BOUCLAIR","00:00:00","16:00:00","66","66","8/17/2026 7:43:56 AM","8/17/2026 3:03:10 PM"
"8/17/2026 12:00:00 AM","50019","303280","BOUCLAIR 24 HEURES","00:00:00","16:00:00","8","8","8/17/2026 9:40:41 AM","8/17/2026 2:22:39 PM"
"8/17/2026 12:00:00 AM","50016","107820","BROWNING CANADA SPORTS LTEE ( AAF )","00:00:00","15:30:00","10","10","8/17/2026 9:24:01 AM","8/17/2026 1:33:47 PM"
"8/17/2026 12:00:00 AM","50013","167812","CADRES VERBEC INC","00:00:00","15:20:00","29","29","8/17/2026 10:02:52 AM","8/17/2026 3:06:39 PM"
"8/17/2026 12:00:00 AM","50014","103109","CAFE BARISTA INC","00:00:00","14:50:00","57","57","8/17/2026 8:17:48 AM","8/17/2026 3:15:02 PM"
"8/17/2026 12:00:00 AM","50129","303197","CAFE LIEGEOIS","00:00:00","10:00:00","85","85","8/17/2026 7:35:34 AM","8/17/2026 6:05:15 PM"
"8/17/2026 12:00:00 AM","50019","302525","CAMBIUM DISTRIBUTION","00:00:00","16:45:00","3","3","8/17/2026 1:23:43 PM","8/17/2026 2:32:38 PM"
"8/17/2026 12:00:00 AM","50002","110997","CARDINAL COURRIERS LTEE","00:00:00","18:15:00","3","3","8/17/2026 4:10:33 PM","8/17/2026 4:16:13 PM"
"8/17/2026 12:00:00 AM","50001","303067","CATSPORTS","00:00:00","15:45:00","25","25","8/17/2026 8:15:02 AM","8/17/2026 2:05:33 PM"
"8/17/2026 12:00:00 AM","50004","112060","CHALUT DIV BEAUTY SYSTEMS GROUP INC","00:00:00","21:00:00","113","113","8/17/2026 9:14:56 AM","8/17/2026 8:17:08 PM"
"8/17/2026 12:00:00 AM","50010","301984","CHANTAL LACROIX B2C","00:00:00","13:30:00","2","2","8/17/2026 10:43:54 AM","8/17/2026 10:51:43 AM"
"8/17/2026 12:00:00 AM","50016","112122","CHAUSSURES M&M FOOTWEAR","00:00:00","15:00:00","1","1","8/17/2026 11:02:32 AM","8/17/2026 11:02:32 AM"
"8/17/2026 12:00:00 AM","50004","113333","COMMONWEALTH PLYWOOD (BOUCH)","00:00:00","19:30:00","15","15","8/17/2026 3:02:41 PM","8/17/2026 5:51:53 PM"
"8/17/2026 12:00:00 AM","50001","301229","COMPASS GROUP CANADA/MA CAFÉINE","00:00:00","13:00:00","25","25","8/17/2026 10:43:22 AM","8/17/2026 2:28:59 PM"
"8/17/2026 12:00:00 AM","50012","300482","CONFORT EXCELFLEX (BLEU ECO)","00:00:00","14:00:00","26","26","8/17/2026 8:32:49 AM","8/17/2026 9:21:48 AM"
"8/17/2026 12:00:00 AM","55609","303557","COPICOM MONTRÉAL","00:00:00","14:00:00","67","67","8/17/2026 9:22:35 AM","8/17/2026 7:32:48 PM"
"8/17/2026 12:00:00 AM","55609","113976","COURRIER PLUS","00:00:00","18:00:00","47","47","8/17/2026 4:45:06 PM","8/17/2026 5:42:31 PM"
"8/17/2026 12:00:00 AM","50029","125007","DATA COMMUNICATION","00:00:00","18:15:00","18","18","8/17/2026 7:23:57 AM","8/17/2026 1:33:42 PM"
"8/17/2026 12:00:00 AM","50000","300684","DECATHLON","00:00:00","18:00:00","819","819","8/17/2026 6:29:17 AM","8/17/2026 8:53:20 PM"
"8/17/2026 12:00:00 AM","50014","118950","DIFFUSION DIMEDIA INC.","00:00:00","17:00:00","278","278","8/17/2026 6:10:15 PM","8/17/2026 6:14:04 PM"
"8/17/2026 12:00:00 AM","50014","131120","DISTRIBUTION HMH INC ","00:00:00","13:30:00","85","85","8/17/2026 9:26:59 AM","8/17/2026 3:34:51 PM"
"8/17/2026 12:00:00 AM","50027","300627","DISTRIBUTION MORISSETTE","00:00:00","16:00:00","22","22","8/17/2026 10:11:03 AM","8/17/2026 3:59:25 PM"
"8/17/2026 12:00:00 AM","50012","155787","DISTRIBUTION PRO EXCELLENCE-87","00:00:00","13:30:00","2","2","8/17/2026 10:55:21 AM","8/17/2026 11:33:02 AM"
"8/17/2026 12:00:00 AM","50118","303256","DISTRIBUTIONS EL-TEX","00:00:00","00:00:00","1","1","8/17/2026 9:47:07 AM","8/17/2026 9:47:07 AM"
"8/17/2026 12:00:00 AM","50002","120468","DOMINION BLUELINE","00:00:00","18:00:00","9","9","8/17/2026 10:25:11 AM","8/17/2026 3:34:48 PM"
"8/17/2026 12:00:00 AM","50010","120790","DUROPAC","00:00:00","16:10:00","13","13","8/17/2026 8:29:35 AM","8/17/2026 2:53:59 PM"
"8/17/2026 12:00:00 AM","50029","166045","EAB TOOL COMPANY","00:00:00","14:45:00","30","30","8/17/2026 7:57:14 AM","8/17/2026 2:59:05 PM"
"8/17/2026 12:00:00 AM","55601","121385","EDELSTEIN DIVERSIFIED CO LTD - ECHOTAPE","00:00:00","15:00:00","11","11","8/17/2026 9:04:19 AM","8/17/2026 2:49:19 PM"
"8/17/2026 12:00:00 AM","50001","302624","EMPIRE","00:00:00","15:30:00","41","41","8/17/2026 10:23:37 AM","8/17/2026 4:57:52 PM"
"8/17/2026 12:00:00 AM","50005","121395","ERGOGRIP","00:00:00","15:15:00","16","16","8/17/2026 10:51:11 AM","8/17/2026 2:33:51 PM"
"8/17/2026 12:00:00 AM","50002","301238","EVOLUTION","00:00:00","16:25:00","7","7","8/17/2026 11:33:59 AM","8/17/2026 2:45:10 PM"
"8/17/2026 12:00:00 AM","50018","124547","FABRAPLY INC.","00:00:00","14:00:00","2","2","8/17/2026 5:58:07 AM","8/17/2026 8:10:22 AM"
"8/17/2026 12:00:00 AM","50007","302339","FABRICVILLE","00:00:00","16:00:00","12","12","8/17/2026 8:29:18 AM","8/17/2026 1:49:36 PM"
"8/17/2026 12:00:00 AM","50001","303201","FAMILYCROPS","00:00:00","15:35:00","4","4","8/17/2026 9:45:43 AM","8/17/2026 9:56:26 AM"
"8/17/2026 12:00:00 AM","50013","125388","FORMEDICA LTEE","00:00:00","14:45:00","40","40","8/17/2026 7:05:42 AM","8/17/2026 3:48:38 PM"
"8/17/2026 12:00:00 AM","50016","302958","FRANKLIN EMPIRE","00:00:00","16:45:00","23","23","8/17/2026 8:51:45 AM","8/17/2026 3:43:38 PM"
"8/17/2026 12:00:00 AM","50011","129320","GRAND PRIX IMPORT","00:00:00","17:10:00","16","16","8/17/2026 8:35:54 AM","8/17/2026 4:12:35 PM"
"8/17/2026 12:00:00 AM","50001","301022","GROUPE PHARMA","00:00:00","15:35:00","25","25","8/17/2026 8:42:40 AM","8/17/2026 3:42:22 PM"
"8/17/2026 12:00:00 AM","50024","129900","GUAY BEAUTE INC","00:00:00","15:50:00","51","51","8/17/2026 8:33:28 AM","8/17/2026 3:13:51 PM"
"8/17/2026 12:00:00 AM","50001","107860","HAMSTER (DIV. DE NOVEXCO INC.)","00:00:00","19:45:00","938","938","8/17/2026 8:21:54 AM","8/17/2026 10:41:41 PM"
"8/17/2026 12:00:00 AM","50006","107860","HAMSTER (DIV. DE NOVEXCO INC.)","00:00:00","22:00:00","938","938","8/17/2026 8:21:54 AM","8/17/2026 10:41:41 PM"
"8/17/2026 12:00:00 AM","50009","107860","HAMSTER (DIV. DE NOVEXCO INC.)","00:00:00","13:00:00","938","938","8/17/2026 8:21:54 AM","8/17/2026 10:41:41 PM"
"8/17/2026 12:00:00 AM","50002","130635","HARNOIS ENERGIES","00:00:00","15:30:00","16","16","8/17/2026 8:57:36 AM","8/17/2026 4:22:54 PM"
"8/17/2026 12:00:00 AM","50011","131085","HIBBERT INTERNATIONAL INC.","00:00:00","16:15:00","2","2","8/17/2026 1:12:55 PM","8/17/2026 3:15:29 PM"
"8/17/2026 12:00:00 AM","50019","303220","L'EMBALLAGE TOUT 3PL PIVAL STE-ANNE DE BELLEVUE","00:00:00","14:00:00","11","11","8/17/2026 10:49:06 AM","8/17/2026 1:04:07 PM"
"8/17/2026 12:00:00 AM","50028","301212","LA MAISON SIMONS","00:00:00","00:00:00","1588","1588","8/17/2026 6:32:36 AM","8/17/2026 5:25:40 PM"
"8/17/2026 12:00:00 AM","50019","302180","LEADER AUTO RESSOURCE","00:00:00","16:00:00","52","52","8/17/2026 8:04:08 AM","8/17/2026 4:25:57 PM"
"8/17/2026 12:00:00 AM","50002","168070","LES ATTACHES VISCAN","00:00:00","17:00:00","42","42","8/17/2026 8:56:23 AM","8/17/2026 4:41:33 PM"
"8/17/2026 12:00:00 AM","50011","111445","LES EDITIONS CEC INC","00:00:00","15:30:00","280","280","8/17/2026 9:11:23 AM","8/17/2026 3:14:36 PM"
"8/17/2026 12:00:00 AM","50024","157449","LES EQUIPEMENTS QUEMONT INC","00:00:00","16:30:00","30","30","8/17/2026 8:33:39 AM","8/17/2026 4:26:34 PM"
"8/17/2026 12:00:00 AM","50011","164210","LES SOEURS EN VRAC","00:00:00","16:00:00","12","12","8/17/2026 11:40:25 AM","8/17/2026 3:16:37 PM"
"8/17/2026 12:00:00 AM","50018","140702","LIEBERMANTEXTILES","00:00:00","15:00:00","18","18","8/17/2026 9:08:43 AM","8/17/2026 1:54:14 PM"
"8/17/2026 12:00:00 AM","50009","301776","LINEN CHEST","00:00:00","14:15:00","455","455","8/17/2026 10:30:38 AM","8/17/2026 4:23:58 PM"
"8/17/2026 12:00:00 AM","50005","302039","LOTO-QUEBEC LOTERIES 2022","00:00:00","12:10:00","2227","2227","8/17/2026 6:29:13 AM","8/17/2026 3:57:03 PM"
"8/17/2026 12:00:00 AM","50005","302039","LOTO-QUEBEC LOTERIES 2022","00:00:00","16:00:00","2227","2227","8/17/2026 6:29:13 AM","8/17/2026 3:57:03 PM"
"8/17/2026 12:00:00 AM","50027","303019","MAISON JACYNTHE INC","00:00:00","15:00:00","1","1","8/17/2026 3:33:24 PM","8/17/2026 3:33:24 PM"
"8/17/2026 12:00:00 AM","50008","302226","MARIE-CLAIRE B2B","00:00:00","14:15:00","209","209","8/17/2026 9:19:18 AM","8/17/2026 4:14:15 PM"
"8/17/2026 12:00:00 AM","50024","145369","MARION DISTRIBUTION","00:00:00","15:15:00","11","11","8/17/2026 8:47:48 AM","8/17/2026 3:26:08 PM"
"8/17/2026 12:00:00 AM","50001","145425","MARTECH","00:00:00","14:45:00","8","8","8/17/2026 7:18:39 AM","8/17/2026 2:29:04 PM"
"8/17/2026 12:00:00 AM","50016","145496","MATCO PACKAGING INC","00:00:00","16:00:00","5","5","8/17/2026 8:45:36 AM","8/17/2026 3:47:36 PM"
"8/17/2026 12:00:00 AM","50009","145898","MEDIATECH","00:00:00","15:30:00","27","27","8/17/2026 8:43:05 AM","8/17/2026 3:23:54 PM"
"8/17/2026 12:00:00 AM","50018","145915","MEDIQUE MEDICAL SUPPLIES ( MGBR ) INC","00:00:00","15:00:00","19","19","8/17/2026 1:09:03 PM","8/17/2026 3:58:45 PM"
"8/17/2026 12:00:00 AM","55601","303085","MEGA VENTE D'ENTREPOT","00:00:00","13:30:00","55","55","8/17/2026 12:01:26 PM","8/17/2026 1:29:32 PM"
"8/17/2026 12:00:00 AM","50011","101465","MESSAGERIES A.D.P  INC.","00:00:00","19:30:00","1791","1791","8/17/2026 7:02:41 AM","8/17/2026 6:28:18 PM"
"8/17/2026 12:00:00 AM","50013","101465","MESSAGERIES A.D.P  INC.","00:00:00","09:30:00","1791","1791","8/17/2026 7:02:41 AM","8/17/2026 6:28:18 PM"
"8/17/2026 12:00:00 AM","50006","145969","MIDLAND TRANSPORT LIMITED","00:00:00","00:00:00","47","47","8/17/2026 7:58:00 AM","8/17/2026 3:49:02 PM"
"8/17/2026 12:00:00 AM","50007","182019","NASRI  INTERNATIONAL INC","00:00:00","16:00:00","4","4","8/17/2026 10:42:19 AM","8/17/2026 1:06:58 PM"
"8/17/2026 12:00:00 AM","50000","113300","NATIONEX","00:00:00","19:30:00","12","12","8/17/2026 6:23:14 AM","8/17/2026 10:39:17 PM"
"8/17/2026 12:00:00 AM","50001","113300","NATIONEX","00:00:00","18:00:00","12","12","8/17/2026 6:23:14 AM","8/17/2026 10:39:17 PM"
"8/17/2026 12:00:00 AM","50005","113300","NATIONEX","00:00:00","12:50:00","12","12","8/17/2026 6:23:14 AM","8/17/2026 10:39:17 PM"
"8/17/2026 12:00:00 AM","50005","113300","NATIONEX","00:00:00","18:00:00","12","12","8/17/2026 6:23:14 AM","8/17/2026 10:39:17 PM"
"8/17/2026 12:00:00 AM","50008","113300","NATIONEX","00:00:00","06:00:00","12","12","8/17/2026 6:23:14 AM","8/17/2026 10:39:17 PM"
"8/17/2026 12:00:00 AM","50008","113300","NATIONEX","00:00:00","12:00:00","12","12","8/17/2026 6:23:14 AM","8/17/2026 10:39:17 PM"
"8/17/2026 12:00:00 AM","50009","113300","NATIONEX","00:00:00","18:00:00","12","12","8/17/2026 6:23:14 AM","8/17/2026 10:39:17 PM"
"8/17/2026 12:00:00 AM","50010","113300","NATIONEX","00:00:00","17:00:00","12","12","8/17/2026 6:23:14 AM","8/17/2026 10:39:17 PM"
"8/17/2026 12:00:00 AM","50011","113300","NATIONEX","00:00:00","19:00:00","12","12","8/17/2026 6:23:14 AM","8/17/2026 10:39:17 PM"
"8/17/2026 12:00:00 AM","50017","113300","NATIONEX","00:00:00","19:15:00","12","12","8/17/2026 6:23:14 AM","8/17/2026 10:39:17 PM"
"8/17/2026 12:00:00 AM","50024","113300","NATIONEX","00:00:00","19:00:00","12","12","8/17/2026 6:23:14 AM","8/17/2026 10:39:17 PM"
"8/17/2026 12:00:00 AM","50029","113300","NATIONEX","00:00:00","20:00:00","12","12","8/17/2026 6:23:14 AM","8/17/2026 10:39:17 PM"
"8/17/2026 12:00:00 AM","50017","300618","NATIONEX BLAINVILLE","00:00:00","21:45:00","2","2","8/17/2026 6:12:27 AM","8/17/2026 10:58:56 AM"
"8/17/2026 12:00:00 AM","50018","300618","NATIONEX BLAINVILLE","00:00:00","19:00:00","2","2","8/17/2026 6:12:27 AM","8/17/2026 10:58:56 AM"
"8/17/2026 12:00:00 AM","50024","300618","NATIONEX BLAINVILLE","00:00:00","17:45:00","2","2","8/17/2026 6:12:27 AM","8/17/2026 10:58:56 AM"
"8/17/2026 12:00:00 AM","50014","150936","NOBLE GIFT","00:00:00","16:15:00","14","14","8/17/2026 10:57:13 AM","8/17/2026 4:22:10 PM"
"8/17/2026 12:00:00 AM","50016","302184","NORKA LIVING","00:00:00","14:30:00","3","3","8/17/2026 9:05:34 AM","8/17/2026 9:12:03 AM"
"8/17/2026 12:00:00 AM","50130","151463","NUTRAMERICA","00:00:00","15:00:00","2","2","8/17/2026 11:57:51 AM","8/17/2026 12:05:41 PM"
"8/17/2026 12:00:00 AM","57104","301780","OBERSON","00:00:00","16:00:00","25","25","8/17/2026 8:56:56 AM","8/17/2026 2:48:42 PM"
"8/17/2026 12:00:00 AM","50017","303452","PARAMEDIC CANADA INC.","00:00:00","16:00:00","24","24","8/17/2026 7:54:18 AM","8/17/2026 4:02:39 PM"
"8/17/2026 12:00:00 AM","50008","300968","PNEUS A RABAIS 2","00:00:00","08:30:00","85","85","8/17/2026 8:03:10 AM","8/17/2026 4:09:23 PM"
"8/17/2026 12:00:00 AM","50002","159947","PRODUITS SANITAIRES ROYAL NET INC.","00:00:00","15:00:00","14","14","8/17/2026 12:40:31 PM","8/17/2026 1:29:35 PM"
"8/17/2026 12:00:00 AM","50004","156200","PROLOGUE DISTRIBUTION","00:00:00","22:00:00","235","235","8/17/2026 12:00:49 PM","8/17/2026 9:32:26 PM"
"8/17/2026 12:00:00 AM","50013","301566","PROMOTION RODEL","00:00:00","15:50:00","3","3","8/17/2026 9:12:11 AM","8/17/2026 3:48:35 PM"
"8/17/2026 12:00:00 AM","50013","102620","PROMOTIONS ATLANTIQUES","00:00:00","13:40:00","7","7","8/17/2026 7:25:40 AM","8/17/2026 3:14:01 PM"
"8/17/2026 12:00:00 AM","50004","156203","PROMOTIONS C.D. INC.","00:00:00","18:30:00","50","50","8/17/2026 6:55:45 AM","8/17/2026 2:43:23 PM"
"8/17/2026 12:00:00 AM","50009","158563","QUINCAILLERIE RICHELIEU LTEE","00:00:00","20:00:00","35","35","8/17/2026 10:26:35 PM","8/17/2026 10:26:55 PM"
"8/17/2026 12:00:00 AM","50001","102680","QUINCAILLERIE RICHELIEU LTEE RELIABLE","00:00:00","17:25:00","46","46","8/17/2026 6:26:49 PM","8/17/2026 6:27:15 PM"
"8/17/2026 12:00:00 AM","55610","302874","REPAS WECOOK (MEALKIT)","00:00:00","17:00:00","295","295","8/17/2026 10:53:16 AM","8/17/2026 11:31:19 AM"
"8/17/2026 12:00:00 AM","50029","158800","ROCHELEAU","00:00:00","15:15:00","106","106","8/17/2026 7:42:32 AM","8/17/2026 4:14:24 PM"
"8/17/2026 12:00:00 AM","50001","301430","SAIL PLEIN AIR","00:00:00","13:00:00","456","456","8/17/2026 8:51:28 AM","8/17/2026 3:22:13 PM"
"8/17/2026 12:00:00 AM","50029","161402","SANI-MARC INC.","00:00:00","15:45:00","14","14","8/17/2026 8:41:50 AM","8/17/2026 2:54:01 PM"
"8/17/2026 12:00:00 AM","50011","161425","SARSTEDT INC.                           ","00:00:00","15:00:00","9","9","8/17/2026 10:22:31 AM","8/17/2026 3:43:36 PM"
"8/17/2026 12:00:00 AM","50002","302365","SHIPTO","00:00:00","14:00:00","150","150","8/17/2026 7:40:55 AM","8/17/2026 4:14:43 PM"
"8/17/2026 12:00:00 AM","50024","303547","SPI HEALTH & SAFETY","00:00:00","17:30:00","17","17","8/17/2026 11:02:24 AM","8/17/2026 4:53:04 PM"
"8/17/2026 12:00:00 AM","50009","300118","STAPLES CANADA ULC","00:00:00","19:30:00","604","604","8/17/2026 7:45:28 AM","8/17/2026 3:06:00 PM"
"8/17/2026 12:00:00 AM","50025","107000","STAPLES CANADA ULC","00:00:00","22:30:00","308","308","8/17/2026 9:17:05 PM","8/17/2026 9:20:26 PM"
"8/17/2026 12:00:00 AM","50018","302891","SUPERIOR SANY SOLUTIONS DIV. IMPERIAL DADE","00:00:00","14:45:00","42","42","8/17/2026 5:16:50 AM","8/17/2026 11:54:23 AM"
"8/17/2026 12:00:00 AM","50013","102570","SUPPLEMENTS AROMATIK INC.","00:00:00","15:15:00","7","7","8/17/2026 1:36:41 PM","8/17/2026 3:22:07 PM"
"8/17/2026 12:00:00 AM","50001","302225","TANDEM 3PL","00:00:00","15:00:00","46","46","8/17/2026 6:10:53 AM","8/17/2026 3:10:55 PM"
"8/17/2026 12:00:00 AM","50011","302190","TECHNOLOGIES EDUCATIO INC","00:00:00","14:00:00","91","91","8/17/2026 6:50:07 AM","8/17/2026 2:12:21 PM"
"8/17/2026 12:00:00 AM","50001","302293","UPSIDEDRINKS.CA","00:00:00","15:15:00","36","36","8/17/2026 7:17:18 AM","8/17/2026 3:22:24 PM"
"8/17/2026 12:00:00 AM","50012","168059","V-TO INC. ( ST-HYACINTHE )","00:00:00","14:30:00","20","20","8/17/2026 9:57:26 AM","8/17/2026 11:34:07 AM"
"8/17/2026 12:00:00 AM","50024","302414","WAREHOUSE","00:00:00","17:15:00","68","68","8/17/2026 10:15:47 AM","8/17/2026 5:14:02 PM"
"8/17/2026 12:00:00 AM","50019","165776","TOMRA CANADA INC","15:00:00","13:45:00","7","7","8/17/2026 11:37:01 AM","8/17/2026 11:40:53 AM"
"8/17/2026 12:00:00 AM","50018","109105","CANAROPA (1954) INC.","16:30:00","16:15:00","11","11","8/17/2026 2:38:27 PM","8/17/2026 3:51:11 PM"
"8/17/2026 12:00:00 AM","50007","301075","KARINE JONCAS COSMETIQUES","16:30:00","15:15:00","7","7","8/17/2026 11:13:54 AM","8/17/2026 1:07:04 PM"
"8/17/2026 12:00:00 AM","50013","101472","MESSAGERIES A.D.P. INC. (RETOURS)","16:30:00","10:00:00","3","3","8/17/2026 11:30:10 AM","8/17/2026 4:27:01 PM"
"8/17/2026 12:00:00 AM","50024","156202","PROLOGUE (RETOURS)","16:30:00","13:00:00","10","10","8/17/2026 7:03:33 AM","8/17/2026 5:28:18 PM"
"8/17/2026 12:00:00 AM","50024","158568","RICOCHET","16:30:00","14:45:00","293","293","8/17/2026 6:38:12 AM","8/17/2026 2:59:52 PM"
"8/17/2026 12:00:00 AM","50014","151185","BAYARD PRESSE CANADA INC ( ADELF )","17:00:00","14:00:00","9","9","8/17/2026 1:38:18 PM","8/17/2026 1:56:51 PM"
"8/17/2026 12:00:00 AM","50009","109008","CANARM","17:00:00","13:45:00","8","8","8/17/2026 8:01:43 AM","8/17/2026 3:27:25 PM"
"8/17/2026 12:00:00 AM","50018","105210","D'AMOUR BICYCLE","17:00:00","16:45:00","44","44","8/17/2026 7:40:49 AM","8/17/2026 4:59:32 PM"
"8/17/2026 12:00:00 AM","50013","301226","GRANDWEST ENTERPRISES DISTAM (EASTERN DIVISION)","17:00:00","16:15:00","19","19","8/17/2026 8:37:08 AM","8/17/2026 4:05:50 PM"
"8/17/2026 12:00:00 AM","50016","268418","PROVO LTD MTL","17:00:00","16:15:00","10","10","8/17/2026 9:43:27 AM","8/17/2026 3:42:50 PM"
"8/17/2026 12:00:00 AM","50018","145969","MIDLAND TRANSPORT LIMITED","18:00:00","14:15:00","47","47","8/17/2026 7:58:00 AM","8/17/2026 3:49:02 PM"
"8/17/2026 12:00:00 AM","50008","302041","BOUCLAIR",,"12:00:00","66","66","8/17/2026 7:43:56 AM","8/17/2026 3:03:10 PM"
"8/17/2026 12:00:00 AM","50007","301320","BRAULT & BOUTHILLIER (BEAUMONT)",,"14:00:00","142","142","8/17/2026 8:05:28 AM","8/17/2026 4:07:24 PM"
"8/17/2026 12:00:00 AM","50012","112005","BUROPRO CITATION DRUMMONVILLE",,"10:15:00","37","37","8/17/2026 8:36:02 AM","8/17/2026 5:01:06 PM"
"8/17/2026 12:00:00 AM","50019","114309","DANESCO INC",,"14:30:00","23","23","8/17/2026 5:50:07 PM","8/17/2026 5:50:26 PM"
"8/17/2026 12:00:00 AM","55610","303548","DESIGNME HAIR ",,"14:30:00","31","31","8/17/2026 7:42:39 AM","8/17/2026 3:45:27 PM"
"8/17/2026 12:00:00 AM","55609","118950","DIFFUSION DIMEDIA INC.",,"17:00:00","278","278","8/17/2026 6:10:15 PM","8/17/2026 6:14:04 PM"
"8/17/2026 12:00:00 AM","50012","163860","DISTRIBUTION SIGNATURE INC",,"15:00:00","11","11","8/17/2026 1:06:00 PM","8/17/2026 1:59:01 PM"
"8/17/2026 12:00:00 AM","50019","303546","FASTCO CANADA",,"15:30:00","18","18","8/17/2026 8:33:01 AM","8/17/2026 4:26:47 PM"
"8/17/2026 12:00:00 AM","50130","136850","J.L. INC.",,"14:00:00","10","10","8/17/2026 4:47:16 PM","8/17/2026 4:47:22 PM"
"8/17/2026 12:00:00 AM","50011","111444","LES EDITIONS C.E.C INC (NAT_FLEX )",,"15:30:00","3","3","8/17/2026 2:37:52 PM","8/17/2026 2:43:18 PM"
"8/17/2026 12:00:00 AM","50002","164445","LES OLIVERAIES STAVROPOULOS",,"15:30:00","18","18","8/17/2026 10:49:41 AM","8/17/2026 4:53:53 PM"
"8/17/2026 12:00:00 AM","55610","302606","LEVITON",,"15:00:00","23","23","8/17/2026 3:18:03 PM","8/17/2026 3:18:19 PM"
"8/17/2026 12:00:00 AM","50010","144885","LUDIK DISTRIBUTION",,"14:45:00","10","10","8/17/2026 7:27:36 AM","8/17/2026 2:01:08 PM"
"8/17/2026 12:00:00 AM","50004","113300","NATIONEX",,"20:00:00","12","12","8/17/2026 6:23:14 AM","8/17/2026 10:39:17 PM"
"8/17/2026 12:00:00 AM","50024","156200","PROLOGUE DISTRIBUTION",,"17:00:00","235","235","8/17/2026 12:00:49 PM","8/17/2026 9:32:26 PM"
"8/17/2026 12:00:00 AM","50002","165506","SPICERS CANADA ULC",,"18:45:00","11","11","8/17/2026 11:44:07 AM","8/17/2026 5:47:01 PM"
"8/17/2026 12:00:00 AM","50027","112140","TC MEDIA LIVRE INC (COLLECT)",,"14:30:00","16","16","8/17/2026 5:30:46 AM","8/17/2026 11:46:14 AM"
"8/17/2026 12:00:00 AM","53007","303299","TRUDEAU CORPORATION INTERNATIONAL INC",,"13:00:00","7","7","8/17/2026 7:12:46 AM","8/17/2026 3:18:33 PM"
"8/17/2026 12:00:00 AM","50007","303513","YUPIK",,"15:00:00","83","83","8/17/2026 8:56:51 AM","8/17/2026 2:16:02 PM"
"8/24/2026 12:00:00 AM","50010","137814","137814","00:00:00","22:30:00","6","6","8/24/2026 8:33:06 AM","8/24/2026 11:45:27 AM"
"8/24/2026 12:00:00 AM","50024","303495","A1 IMPORTS","00:00:00","13:30:00","71","71","8/24/2026 7:20:40 AM","8/24/2026 8:03:27 PM"
"8/24/2026 12:00:00 AM","50010","101439","ACTION O&P INC","00:00:00","16:30:00","10","10","8/24/2026 8:40:02 AM","8/24/2026 3:23:24 PM"
"8/24/2026 12:00:00 AM","50005","301311","AGENCE 2L","00:00:00","13:45:00","22","22","8/24/2026 10:47:42 AM","8/24/2026 5:00:55 PM"
"8/24/2026 12:00:00 AM","50016","302448","ALTITUDE SPORTS","00:00:00","17:15:00","343","343","8/24/2026 6:51:14 AM","8/24/2026 5:57:27 PM"
"8/24/2026 12:00:00 AM","50011","303629","AUTO COUNTRY MONTRÉAL","00:00:00","15:00:00","14","14","8/24/2026 9:14:28 AM","8/24/2026 5:35:25 PM"
"8/24/2026 12:00:00 AM","50011","102790","AUTRUCHE","00:00:00","13:00:00","5","5","8/24/2026 5:21:33 AM","8/24/2026 7:24:06 AM"
"8/24/2026 12:00:00 AM","50017","302586","B&B C/O EKKINOX","00:00:00","14:00:00","39","39","8/24/2026 8:31:07 AM","8/24/2026 3:24:40 PM"
"8/24/2026 12:00:00 AM","50013","301166","BBQ QUÉBEC LONGUEUIL (B2C)","00:00:00","13:30:00","11","11","8/24/2026 9:16:22 AM","8/24/2026 1:34:06 PM"
"8/24/2026 12:00:00 AM","50017","103390","BEAUTE STAR INC ( MTL )","00:00:00","17:00:00","27","27","8/24/2026 9:44:53 AM","8/24/2026 4:47:52 PM"
"8/24/2026 12:00:00 AM","50001","105491","BLC INT'L INC ( LE GROUPE )","00:00:00","16:45:00","12","12","8/24/2026 1:47:53 PM","8/24/2026 3:32:02 PM"
"8/24/2026 12:00:00 AM","50125","301114","BLINDS TO GO","00:00:00","00:00:00","43","43","8/24/2026 10:16:50 AM","8/24/2026 1:37:51 PM"
"8/24/2026 12:00:00 AM","50019","302041","BOUCLAIR","00:00:00","16:00:00","70","70","8/24/2026 7:30:41 AM","8/24/2026 2:59:48 PM"
"8/24/2026 12:00:00 AM","50019","303280","BOUCLAIR 24 HEURES","00:00:00","16:00:00","8","8","8/24/2026 8:19:16 AM","8/24/2026 2:41:28 PM"
"8/24/2026 12:00:00 AM","50013","167812","CADRES VERBEC INC","00:00:00","15:20:00","35","35","8/24/2026 10:44:05 AM","8/24/2026 2:56:52 PM"
"8/24/2026 12:00:00 AM","50014","103109","CAFE BARISTA INC","00:00:00","14:50:00","43","43","8/24/2026 8:20:53 AM","8/24/2026 4:07:30 PM"
"8/24/2026 12:00:00 AM","50129","303197","CAFE LIEGEOIS","00:00:00","10:00:00","69","69","8/24/2026 9:50:48 AM","8/24/2026 4:48:20 PM"
"8/24/2026 12:00:00 AM","50019","302525","CAMBIUM DISTRIBUTION","00:00:00","16:45:00","12","12","8/24/2026 10:20:51 AM","8/24/2026 3:18:42 PM"
"8/24/2026 12:00:00 AM","50002","110997","CARDINAL COURRIERS LTEE","00:00:00","18:15:00","22","22","8/24/2026 3:04:17 PM","8/24/2026 4:51:59 PM"
"8/24/2026 12:00:00 AM","50001","303067","CATSPORTS","00:00:00","15:45:00","27","27","8/24/2026 8:06:30 AM","8/24/2026 3:52:56 PM"
"8/24/2026 12:00:00 AM","50004","112060","CHALUT DIV BEAUTY SYSTEMS GROUP INC","00:00:00","21:00:00","72","72","8/24/2026 7:06:55 PM","8/24/2026 7:08:05 PM"
"8/24/2026 12:00:00 AM","50016","112122","CHAUSSURES M&M FOOTWEAR","00:00:00","15:00:00","5","5","8/24/2026 11:05:00 AM","8/24/2026 1:04:21 PM"
"8/24/2026 12:00:00 AM","50004","113333","COMMONWEALTH PLYWOOD (BOUCH)","00:00:00","19:30:00","24","24","8/24/2026 3:21:37 PM","8/24/2026 6:25:43 PM"
"8/24/2026 12:00:00 AM","50001","301229","COMPASS GROUP CANADA/MA CAFÉINE","00:00:00","13:00:00","16","16","8/24/2026 9:11:28 AM","8/24/2026 9:17:54 AM"
"8/24/2026 12:00:00 AM","50012","300482","CONFORT EXCELFLEX (BLEU ECO)","00:00:00","14:00:00","30","30","8/24/2026 8:56:42 AM","8/24/2026 9:14:19 AM"
"8/24/2026 12:00:00 AM","55609","303557","COPICOM MONTRÉAL","00:00:00","14:00:00","115","115","8/24/2026 6:38:44 AM","8/24/2026 2:40:09 PM"
"8/24/2026 12:00:00 AM","55609","113976","COURRIER PLUS","00:00:00","18:00:00","44","44","8/24/2026 4:58:09 PM","8/24/2026 5:39:22 PM"
"8/24/2026 12:00:00 AM","50029","125007","DATA COMMUNICATION","00:00:00","18:15:00","10","10","8/24/2026 8:07:08 AM","8/24/2026 7:53:08 PM"
"8/24/2026 12:00:00 AM","50000","300684","DECATHLON","00:00:00","18:00:00","877","877","8/24/2026 6:31:59 AM","8/24/2026 7:11:29 PM"
"8/24/2026 12:00:00 AM","50014","118950","DIFFUSION DIMEDIA INC.","00:00:00","17:00:00","249","249","8/24/2026 11:32:19 AM","8/24/2026 5:13:10 PM"
"8/24/2026 12:00:00 AM","50014","303598","DIFFUSION DIMEDIA INC. - SNR","00:00:00","17:00:00","1","1","8/24/2026 5:13:12 PM","8/24/2026 5:13:12 PM"
"8/24/2026 12:00:00 AM","55609","303598","DIFFUSION DIMEDIA INC. - SNR","00:00:00","17:00:00","1","1","8/24/2026 5:13:12 PM","8/24/2026 5:13:12 PM"
"8/24/2026 12:00:00 AM","50014","131120","DISTRIBUTION HMH INC ","00:00:00","13:30:00","34","34","8/24/2026 8:05:04 AM","8/24/2026 3:33:20 PM"
"8/24/2026 12:00:00 AM","50027","300627","DISTRIBUTION MORISSETTE","00:00:00","16:00:00","23","23","8/24/2026 9:11:56 AM","8/24/2026 4:12:02 PM"
"8/24/2026 12:00:00 AM","50012","155787","DISTRIBUTION PRO EXCELLENCE-87","00:00:00","13:30:00","1","1","8/24/2026 1:20:58 PM","8/24/2026 1:20:58 PM"
"8/24/2026 12:00:00 AM","50002","120468","DOMINION BLUELINE","00:00:00","18:00:00","1","1","8/24/2026 9:03:24 AM","8/24/2026 9:03:24 AM"
"8/24/2026 12:00:00 AM","50010","120790","DUROPAC","00:00:00","16:10:00","7","7","8/24/2026 8:30:50 AM","8/24/2026 2:47:53 PM"
"8/24/2026 12:00:00 AM","50029","166045","EAB TOOL COMPANY","00:00:00","14:45:00","20","20","8/24/2026 8:10:02 AM","8/24/2026 2:58:45 PM"
"8/24/2026 12:00:00 AM","55601","121385","EDELSTEIN DIVERSIFIED CO LTD - ECHOTAPE","00:00:00","15:00:00","6","6","8/24/2026 10:08:42 AM","8/24/2026 2:08:36 PM"
"8/24/2026 12:00:00 AM","50001","302624","EMPIRE","00:00:00","15:30:00","55","55","8/24/2026 10:31:17 AM","8/24/2026 4:47:34 PM"
"8/24/2026 12:00:00 AM","50005","121395","ERGOGRIP","00:00:00","15:15:00","14","14","8/24/2026 9:15:16 AM","8/24/2026 2:24:00 PM"
"8/24/2026 12:00:00 AM","50002","301238","EVOLUTION","00:00:00","16:25:00","8","8","8/24/2026 1:55:57 PM","8/24/2026 3:46:22 PM"
"8/24/2026 12:00:00 AM","50007","302339","FABRICVILLE","00:00:00","16:00:00","10","10","8/24/2026 8:36:45 AM","8/24/2026 3:23:49 PM"
"8/24/2026 12:00:00 AM","50013","125388","FORMEDICA LTEE","00:00:00","14:45:00","35","35","8/24/2026 8:02:11 AM","8/24/2026 3:27:38 PM"
"8/24/2026 12:00:00 AM","50016","302958","FRANKLIN EMPIRE","00:00:00","16:45:00","20","20","8/24/2026 7:57:59 AM","8/24/2026 4:07:20 PM"
"8/24/2026 12:00:00 AM","50011","129320","GRAND PRIX IMPORT","00:00:00","17:10:00","20","20","8/24/2026 9:13:31 AM","8/24/2026 4:10:58 PM"
"8/24/2026 12:00:00 AM","50001","301022","GROUPE PHARMA","00:00:00","15:35:00","9","9","8/24/2026 1:51:39 PM","8/24/2026 4:18:53 PM"
"8/24/2026 12:00:00 AM","50024","129900","GUAY BEAUTE INC","00:00:00","15:50:00","53","53","8/24/2026 8:32:53 AM","8/24/2026 3:39:03 PM"
"8/24/2026 12:00:00 AM","50001","107860","HAMSTER (DIV. DE NOVEXCO INC.)","00:00:00","19:45:00","998","998","8/24/2026 9:53:20 AM","8/24/2026 10:42:09 PM"
"8/24/2026 12:00:00 AM","50006","107860","HAMSTER (DIV. DE NOVEXCO INC.)","00:00:00","22:00:00","998","998","8/24/2026 9:53:20 AM","8/24/2026 10:42:09 PM"
"8/24/2026 12:00:00 AM","50009","107860","HAMSTER (DIV. DE NOVEXCO INC.)","00:00:00","13:00:00","998","998","8/24/2026 9:53:20 AM","8/24/2026 10:42:09 PM"
"8/24/2026 12:00:00 AM","50002","130635","HARNOIS ENERGIES","00:00:00","15:30:00","16","16","8/24/2026 3:34:22 PM","8/24/2026 4:27:39 PM"
"8/24/2026 12:00:00 AM","50011","131085","HIBBERT INTERNATIONAL INC.","00:00:00","16:15:00","2","2","8/24/2026 9:44:09 AM","8/24/2026 3:43:51 PM"
"8/24/2026 12:00:00 AM","50018","131875","HRS GLOBAL (9266-1677 QC INC)","00:00:00","14:30:00","12","12","8/24/2026 10:56:31 AM","8/24/2026 3:10:25 PM"
"8/24/2026 12:00:00 AM","50019","303220","L'EMBALLAGE TOUT 3PL PIVAL STE-ANNE DE BELLEVUE","00:00:00","14:00:00","6","6","8/24/2026 8:28:54 AM","8/24/2026 1:19:29 PM"
"8/24/2026 12:00:00 AM","50028","301212","LA MAISON SIMONS","00:00:00","00:00:00","1775","1775","8/24/2026 7:20:10 AM","8/24/2026 5:28:32 PM"
"8/24/2026 12:00:00 AM","50019","302180","LEADER AUTO RESSOURCE","00:00:00","16:00:00","40","40","8/24/2026 7:08:43 AM","8/24/2026 4:39:15 PM"
"8/24/2026 12:00:00 AM","50002","168070","LES ATTACHES VISCAN","00:00:00","17:00:00","51","51","8/24/2026 8:25:18 AM","8/24/2026 4:46:50 PM"
"8/24/2026 12:00:00 AM","50011","111445","LES EDITIONS CEC INC","00:00:00","15:30:00","416","416","8/24/2026 9:23:45 AM","8/24/2026 4:17:46 PM"
"8/24/2026 12:00:00 AM","50024","157449","LES EQUIPEMENTS QUEMONT INC","00:00:00","16:30:00","26","26","8/24/2026 8:17:11 AM","8/24/2026 4:08:36 PM"
"8/24/2026 12:00:00 AM","50011","164210","LES SOEURS EN VRAC","00:00:00","16:00:00","9","9","8/24/2026 1:21:54 PM","8/24/2026 1:39:19 PM"
"8/24/2026 12:00:00 AM","50018","140702","LIEBERMANTEXTILES","00:00:00","15:00:00","4","4","8/24/2026 8:16:47 AM","8/24/2026 10:31:24 AM"
"8/24/2026 12:00:00 AM","50009","301776","LINEN CHEST","00:00:00","14:15:00","502","502","8/24/2026 8:03:44 AM","8/24/2026 7:26:53 PM"
"8/24/2026 12:00:00 AM","50005","302039","LOTO-QUEBEC LOTERIES 2022","00:00:00","12:10:00","2376","2376","8/24/2026 7:31:38 AM","8/24/2026 3:52:55 PM"
"8/24/2026 12:00:00 AM","50005","302039","LOTO-QUEBEC LOTERIES 2022","00:00:00","16:00:00","2376","2376","8/24/2026 7:31:38 AM","8/24/2026 3:52:55 PM"
"8/24/2026 12:00:00 AM","50027","303019","MAISON JACYNTHE INC","00:00:00","15:00:00","5","5","8/24/2026 7:33:04 AM","8/24/2026 10:38:52 AM"
"8/24/2026 12:00:00 AM","50008","302226","MARIE-CLAIRE B2B","00:00:00","14:15:00","68","68","8/24/2026 8:03:31 AM","8/24/2026 2:22:50 PM"
"8/24/2026 12:00:00 AM","50024","145369","MARION DISTRIBUTION","00:00:00","15:15:00","25","25","8/24/2026 7:59:55 AM","8/24/2026 3:38:02 PM"
"8/24/2026 12:00:00 AM","50001","145425","MARTECH","00:00:00","14:45:00","14","14","8/24/2026 10:43:33 AM","8/24/2026 1:36:06 PM"
"8/24/2026 12:00:00 AM","50016","145496","MATCO PACKAGING INC","00:00:00","16:00:00","7","7","8/24/2026 11:50:39 AM","8/24/2026 3:23:10 PM"
"8/24/2026 12:00:00 AM","50009","145898","MEDIATECH","00:00:00","15:30:00","44","44","8/24/2026 9:46:59 AM","8/24/2026 4:01:14 PM"
"8/24/2026 12:00:00 AM","55601","303085","MEGA VENTE D'ENTREPOT","00:00:00","13:30:00","50","50","8/24/2026 11:41:31 AM","8/24/2026 1:12:29 PM"
"8/24/2026 12:00:00 AM","50011","101465","MESSAGERIES A.D.P  INC.","00:00:00","19:30:00","975","975","8/24/2026 5:28:45 AM","8/24/2026 7:50:16 PM"
"8/24/2026 12:00:00 AM","50013","101465","MESSAGERIES A.D.P  INC.","00:00:00","09:30:00","975","975","8/24/2026 5:28:45 AM","8/24/2026 7:50:16 PM"
"8/24/2026 12:00:00 AM","50006","145969","MIDLAND TRANSPORT LIMITED","00:00:00","00:00:00","29","29","8/24/2026 8:34:46 AM","8/24/2026 11:41:03 AM"
"8/24/2026 12:00:00 AM","50007","182019","NASRI  INTERNATIONAL INC","00:00:00","16:00:00","6","6","8/24/2026 1:30:29 PM","8/24/2026 4:24:42 PM"
"8/24/2026 12:00:00 AM","50000","113300","NATIONEX","00:00:00","19:30:00","9","9","8/24/2026 6:51:01 AM","8/24/2026 7:22:06 PM"
"8/24/2026 12:00:00 AM","50001","113300","NATIONEX","00:00:00","18:00:00","9","9","8/24/2026 6:51:01 AM","8/24/2026 7:22:06 PM"
"8/24/2026 12:00:00 AM","50005","113300","NATIONEX","00:00:00","12:50:00","9","9","8/24/2026 6:51:01 AM","8/24/2026 7:22:06 PM"
"8/24/2026 12:00:00 AM","50005","113300","NATIONEX","00:00:00","18:00:00","9","9","8/24/2026 6:51:01 AM","8/24/2026 7:22:06 PM"
"8/24/2026 12:00:00 AM","50008","113300","NATIONEX","00:00:00","06:00:00","9","9","8/24/2026 6:51:01 AM","8/24/2026 7:22:06 PM"
"8/24/2026 12:00:00 AM","50008","113300","NATIONEX","00:00:00","12:00:00","9","9","8/24/2026 6:51:01 AM","8/24/2026 7:22:06 PM"
"8/24/2026 12:00:00 AM","50009","113300","NATIONEX","00:00:00","18:00:00","9","9","8/24/2026 6:51:01 AM","8/24/2026 7:22:06 PM"
"8/24/2026 12:00:00 AM","50010","113300","NATIONEX","00:00:00","17:00:00","9","9","8/24/2026 6:51:01 AM","8/24/2026 7:22:06 PM"
"8/24/2026 12:00:00 AM","50011","113300","NATIONEX","00:00:00","19:00:00","9","9","8/24/2026 6:51:01 AM","8/24/2026 7:22:06 PM"
"8/24/2026 12:00:00 AM","50017","113300","NATIONEX","00:00:00","19:15:00","9","9","8/24/2026 6:51:01 AM","8/24/2026 7:22:06 PM"
"8/24/2026 12:00:00 AM","50024","113300","NATIONEX","00:00:00","19:00:00","9","9","8/24/2026 6:51:01 AM","8/24/2026 7:22:06 PM"
"8/24/2026 12:00:00 AM","50029","113300","NATIONEX","00:00:00","20:00:00","9","9","8/24/2026 6:51:01 AM","8/24/2026 7:22:06 PM"
"8/24/2026 12:00:00 AM","50014","150936","NOBLE GIFT","00:00:00","16:15:00","1","1","8/24/2026 3:39:20 PM","8/24/2026 3:39:20 PM"
"8/24/2026 12:00:00 AM","50016","302184","NORKA LIVING","00:00:00","14:30:00","6","6","8/24/2026 7:35:08 AM","8/24/2026 8:22:19 AM"
"8/24/2026 12:00:00 AM","50130","151463","NUTRAMERICA","00:00:00","15:00:00","1","1","8/24/2026 11:31:32 AM","8/24/2026 11:31:32 AM"
"8/24/2026 12:00:00 AM","57104","301780","OBERSON","00:00:00","16:00:00","40","40","8/24/2026 9:27:03 AM","8/24/2026 3:10:24 PM"
"8/24/2026 12:00:00 AM","55601","303142","ONE WAY NOVELTIES INC.","00:00:00","13:30:00","2","2","8/24/2026 11:14:39 AM","8/24/2026 11:53:37 AM"
"8/24/2026 12:00:00 AM","50017","303452","PARAMEDIC CANADA INC.","00:00:00","16:00:00","21","21","8/24/2026 8:18:44 AM","8/24/2026 3:44:48 PM"
"8/24/2026 12:00:00 AM","50008","300968","PNEUS A RABAIS 2","00:00:00","08:30:00","103","103","8/24/2026 7:17:01 AM","8/24/2026 5:13:04 PM"
"8/24/2026 12:00:00 AM","50002","159947","PRODUITS SANITAIRES ROYAL NET INC.","00:00:00","15:00:00","8","8","8/24/2026 12:58:43 PM","8/24/2026 1:52:47 PM"
"8/24/2026 12:00:00 AM","50004","156200","PROLOGUE DISTRIBUTION","00:00:00","22:00:00","192","192","8/24/2026 10:45:32 AM","8/24/2026 9:32:43 PM"
"8/24/2026 12:00:00 AM","50013","301566","PROMOTION RODEL","00:00:00","15:50:00","7","7","8/24/2026 7:52:16 AM","8/24/2026 3:45:57 PM"
"8/24/2026 12:00:00 AM","50013","102620","PROMOTIONS ATLANTIQUES","00:00:00","13:40:00","7","7","8/24/2026 5:42:55 AM","8/24/2026 11:22:56 AM"
"8/24/2026 12:00:00 AM","50004","156203","PROMOTIONS C.D. INC.","00:00:00","18:30:00","41","41","8/24/2026 6:59:05 AM","8/24/2026 3:42:39 PM"
"8/24/2026 12:00:00 AM","50009","158563","QUINCAILLERIE RICHELIEU LTEE","00:00:00","20:00:00","56","56","8/24/2026 11:26:40 PM","8/24/2026 11:27:13 PM"
"8/24/2026 12:00:00 AM","50001","102680","QUINCAILLERIE RICHELIEU LTEE RELIABLE","00:00:00","17:25:00","16","16","8/24/2026 6:26:52 PM","8/24/2026 6:27:01 PM"
"8/24/2026 12:00:00 AM","55610","302874","REPAS WECOOK (MEALKIT)","00:00:00","17:00:00","304","304","8/24/2026 10:30:51 AM","8/24/2026 1:59:41 PM"
"8/24/2026 12:00:00 AM","50029","158800","ROCHELEAU","00:00:00","15:15:00","87","87","8/24/2026 8:28:37 AM","8/24/2026 8:15:32 PM"
"8/24/2026 12:00:00 AM","50001","301430","SAIL PLEIN AIR","00:00:00","13:00:00","512","512","8/24/2026 7:41:04 AM","8/24/2026 3:34:37 PM"
"8/24/2026 12:00:00 AM","50029","161402","SANI-MARC INC.","00:00:00","15:45:00","30","30","8/24/2026 8:00:30 AM","8/24/2026 3:47:49 PM"
"8/24/2026 12:00:00 AM","50011","161425","SARSTEDT INC.                           ","00:00:00","15:00:00","100","100","8/24/2026 9:40:58 AM","8/24/2026 7:47:40 PM"
"8/24/2026 12:00:00 AM","50002","302365","SHIPTO","00:00:00","14:00:00","69","69","8/24/2026 7:43:17 AM","8/24/2026 3:51:36 PM"
"8/24/2026 12:00:00 AM","50024","303547","SPI HEALTH & SAFETY","00:00:00","17:30:00","12","12","8/24/2026 11:19:46 AM","8/24/2026 5:24:15 PM"
"8/24/2026 12:00:00 AM","50009","300118","STAPLES CANADA ULC","00:00:00","19:30:00","607","607","8/24/2026 7:00:42 AM","8/24/2026 8:19:53 PM"
"8/24/2026 12:00:00 AM","50025","107000","STAPLES CANADA ULC","00:00:00","22:30:00","388","388","8/24/2026 9:08:44 PM","8/24/2026 9:13:01 PM"
"8/24/2026 12:00:00 AM","50018","302891","SUPERIOR SANY SOLUTIONS DIV. IMPERIAL DADE","00:00:00","14:45:00","44","44","8/24/2026 8:22:49 AM","8/24/2026 1:06:00 PM"
"8/24/2026 12:00:00 AM","50013","102570","SUPPLEMENTS AROMATIK INC.","00:00:00","15:15:00","7","7","8/24/2026 11:38:22 AM","8/24/2026 2:36:13 PM"
"8/24/2026 12:00:00 AM","50001","302225","TANDEM 3PL","00:00:00","15:00:00","33","33","8/24/2026 6:27:59 AM","8/24/2026 3:33:42 PM"
"8/24/2026 12:00:00 AM","50011","302190","TECHNOLOGIES EDUCATIO INC","00:00:00","14:00:00","41","41","8/24/2026 6:02:52 AM","8/24/2026 8:10:09 PM"
"8/24/2026 12:00:00 AM","50001","302293","UPSIDEDRINKS.CA","00:00:00","15:15:00","55","55","8/24/2026 7:18:00 AM","8/24/2026 3:53:40 PM"
"8/24/2026 12:00:00 AM","50012","168059","V-TO INC. ( ST-HYACINTHE )","00:00:00","14:30:00","26","26","8/24/2026 10:49:21 AM","8/24/2026 1:02:34 PM"
"8/24/2026 12:00:00 AM","50024","302414","WAREHOUSE","00:00:00","17:15:00","87","87","8/24/2026 9:45:47 AM","8/24/2026 5:12:44 PM"
"8/24/2026 12:00:00 AM","50019","165776","TOMRA CANADA INC","15:00:00","13:45:00","9","9","8/24/2026 11:34:51 AM","8/24/2026 11:46:44 AM"
"8/24/2026 12:00:00 AM","50018","109105","CANAROPA (1954) INC.","16:30:00","16:15:00","11","11","8/24/2026 2:09:49 PM","8/24/2026 3:17:22 PM"
"8/24/2026 12:00:00 AM","50007","301075","KARINE JONCAS COSMETIQUES","16:30:00","15:15:00","38","38","8/24/2026 10:25:15 AM","8/24/2026 4:05:48 PM"
"8/24/2026 12:00:00 AM","50013","101472","MESSAGERIES A.D.P. INC. (RETOURS)","16:30:00","10:00:00","4","4","8/24/2026 11:28:57 AM","8/24/2026 2:18:06 PM"
"8/24/2026 12:00:00 AM","50024","156202","PROLOGUE (RETOURS)","16:30:00","13:00:00","4","4","8/24/2026 8:30:45 AM","8/24/2026 2:56:30 PM"
"8/24/2026 12:00:00 AM","50024","158568","RICOCHET","16:30:00","14:45:00","264","264","8/24/2026 7:40:21 AM","8/24/2026 7:09:03 PM"
"8/24/2026 12:00:00 AM","50014","151185","BAYARD PRESSE CANADA INC ( ADELF )","17:00:00","14:00:00","4","4","8/24/2026 8:27:48 AM","8/24/2026 12:36:57 PM"
"8/24/2026 12:00:00 AM","50009","109008","CANARM","17:00:00","13:45:00","19","19","8/24/2026 8:15:23 AM","8/24/2026 3:49:30 PM"
"8/24/2026 12:00:00 AM","50018","105210","D'AMOUR BICYCLE","17:00:00","16:45:00","38","38","8/24/2026 8:06:39 AM","8/24/2026 4:29:24 PM"
"8/24/2026 12:00:00 AM","50013","301226","GRANDWEST ENTERPRISES DISTAM (EASTERN DIVISION)","17:00:00","16:15:00","25","25","8/24/2026 8:06:45 AM","8/24/2026 4:04:25 PM"
"8/24/2026 12:00:00 AM","50016","268418","PROVO LTD MTL","17:00:00","16:15:00","12","12","8/24/2026 10:04:15 AM","8/24/2026 4:17:17 PM"
"8/24/2026 12:00:00 AM","50018","145969","MIDLAND TRANSPORT LIMITED","18:00:00","14:15:00","29","29","8/24/2026 8:34:46 AM","8/24/2026 11:41:03 AM"
"8/24/2026 12:00:00 AM","50008","302041","BOUCLAIR",,"12:00:00","70","70","8/24/2026 7:30:41 AM","8/24/2026 2:59:48 PM"
"8/24/2026 12:00:00 AM","50007","301320","BRAULT & BOUTHILLIER (BEAUMONT)",,"14:00:00","181","181","8/24/2026 7:53:39 AM","8/24/2026 7:41:26 PM"
"8/24/2026 12:00:00 AM","50012","112005","BUROPRO CITATION DRUMMONVILLE",,"10:15:00","42","42","8/24/2026 9:35:43 AM","8/24/2026 3:51:15 PM"
"8/24/2026 12:00:00 AM","50019","114309","DANESCO INC",,"14:30:00","7","7","8/24/2026 5:50:12 PM","8/24/2026 5:50:17 PM"
"8/24/2026 12:00:00 AM","55610","303548","DESIGNME HAIR ",,"14:30:00","49","49","8/24/2026 7:47:12 AM","8/24/2026 1:56:33 PM"
"8/24/2026 12:00:00 AM","55609","118950","DIFFUSION DIMEDIA INC.",,"17:00:00","249","249","8/24/2026 11:32:19 AM","8/24/2026 5:13:10 PM"
"8/24/2026 12:00:00 AM","50012","163860","DISTRIBUTION SIGNATURE INC",,"15:00:00","9","9","8/24/2026 1:01:04 PM","8/24/2026 3:13:24 PM"
"8/24/2026 12:00:00 AM","50019","303546","FASTCO CANADA",,"15:30:00","15","15","8/24/2026 8:10:53 AM","8/24/2026 2:28:12 PM"
"8/24/2026 12:00:00 AM","50130","136850","J.L. INC.",,"14:00:00","10","10","8/24/2026 4:47:15 PM","8/24/2026 4:47:21 PM"
"8/24/2026 12:00:00 AM","50011","111444","LES EDITIONS C.E.C INC (NAT_FLEX )",,"15:30:00","1","1","8/24/2026 1:43:11 PM","8/24/2026 1:43:11 PM"
"8/24/2026 12:00:00 AM","50002","164445","LES OLIVERAIES STAVROPOULOS",,"15:30:00","16","16","8/24/2026 10:19:47 AM","8/24/2026 3:32:20 PM"
"8/24/2026 12:00:00 AM","55610","302606","LEVITON",,"15:00:00","26","26","8/24/2026 2:48:27 PM","8/24/2026 2:48:46 PM"
"8/24/2026 12:00:00 AM","50010","144885","LUDIK DISTRIBUTION",,"14:45:00","7","7","8/24/2026 8:54:19 AM","8/24/2026 10:31:39 AM"
"8/24/2026 12:00:00 AM","50004","113300","NATIONEX",,"20:00:00","9","9","8/24/2026 6:51:01 AM","8/24/2026 7:22:06 PM"
"8/24/2026 12:00:00 AM","50024","156200","PROLOGUE DISTRIBUTION",,"17:00:00","192","192","8/24/2026 10:45:32 AM","8/24/2026 9:32:43 PM"
"8/24/2026 12:00:00 AM","50002","165506","SPICERS CANADA ULC",,"18:45:00","16","16","8/24/2026 12:18:57 PM","8/24/2026 5:10:15 PM"
"8/24/2026 12:00:00 AM","50027","112140","TC MEDIA LIVRE INC (COLLECT)",,"14:30:00","38","38","8/24/2026 5:21:35 AM","8/24/2026 2:51:41 PM"
"8/24/2026 12:00:00 AM","53007","303299","TRUDEAU CORPORATION INTERNATIONAL INC",,"13:00:00","2","2","8/24/2026 6:57:41 AM","8/24/2026 2:07:53 PM"
"8/24/2026 12:00:00 AM","50007","303513","YUPIK",,"15:00:00","152","152","8/24/2026 8:26:00 AM","8/24/2026 2:49:43 PM"
