"customer_id","client","route_ids","pickup_days","total_parcels_created","average_parcels_per_pickup_day","max_parcels_in_one_day","total_shipments_created","dates"
"137814","137814","50010","4","116","29","39","29","2026-08-03 / 2026-08-04 / 2026-08-05 / 2026-08-06"
"303495","A1 IMPORTS","50024","5","277","55.4","75","183","2026-08-03 / 2026-08-04 / 2026-08-05 / 2026-08-06 / 2026-08-07"
"101439","ACTION O&P INC","50010","5","78","15.6","24","43","2026-08-03 / 2026-08-04 / 2026-08-05 / 2026-08-06 / 2026-08-07"
"301311","AGENCE 2L","50005","5","129","25.8","39","68","2026-08-03 / 2026-08-04 / 2026-08-05 / 2026-08-06 / 2026-08-07"
"105856","AQRCB","50000","1","6","6","6","6","2026-08-04"
"303629","AUTO COUNTRY MONTRÉAL","50011","5","56","11.2","29","16","2026-08-03 / 2026-08-04 / 2026-08-05 / 2026-08-06 / 2026-08-07"
"102790","AUTRUCHE","50011","4","145","36.25","70","27","2026-08-03 / 2026-08-04 / 2026-08-05 / 2026-08-06"
"302586","B&B C/O EKKINOX","50017","5","239","47.8","90","128","2026-08-03 / 2026-08-04 / 2026-08-05 / 2026-08-06 / 2026-08-07"
"151185","BAYARD PRESSE CANADA INC ( ADELF )","50014 / 50027","5","83","16.6","37","43","2026-08-03 / 2026-08-04 / 2026-08-05 / 2026-08-06 / 2026-08-07"
"301166","BBQ QUÉBEC LONGUEUIL (B2C)","50013","5","57","11.4","17","53","2026-08-03 / 2026-08-04 / 2026-08-05 / 2026-08-06 / 2026-08-07"
"103390","BEAUTE STAR INC ( MTL )","50009 / 50017","2","164","82","89","58","2026-08-05 / 2026-08-07"
"105491","BLC INT'L INC ( LE GROUPE )","50001","5","82","16.4","34","41","2026-08-03 / 2026-08-04 / 2026-08-05 / 2026-08-06 / 2026-08-07"
"303280","BOUCLAIR 24 HEURES","50019","5","79","15.8","31","42","2026-08-03 / 2026-08-04 / 2026-08-05 / 2026-08-06 / 2026-08-07"
"107821","BROWNING CANADA SPORTS LTEE","50016","5","0","0","0","0","2026-08-03 / 2026-08-04 / 2026-08-05 / 2026-08-06 / 2026-08-07"
"107820","BROWNING CANADA SPORTS LTEE ( AAF )","50016","5","6","1.2","4","6","2026-08-03 / 2026-08-04 / 2026-08-05 / 2026-08-06 / 2026-08-07"
"112005","BUROPRO CITATION DRUMMONVILLE","50012","4","259","64.75","79","147","2026-08-03 / 2026-08-04 / 2026-08-05 / 2026-08-06"
"112008","BUROPRO CITATION ST HYACINTHE","50012","2","0","0","0","0","2026-08-04 / 2026-08-06"
"167812","CADRES VERBEC INC","50013","5","241","48.2","78","190","2026-08-03 / 2026-08-04 / 2026-08-05 / 2026-08-06 / 2026-08-07"
"103109","CAFE BARISTA INC","50014","3","200","66.67","84","60","2026-08-05 / 2026-08-06 / 2026-08-07"
"302525","CAMBIUM DISTRIBUTION","50019","5","191","38.2","72","33","2026-08-03 / 2026-08-04 / 2026-08-05 / 2026-08-06 / 2026-08-07"
"101680","CAMEMAT INC.","50012","2","7","3.5","6","4","2026-08-04 / 2026-08-06"
"109008","CANARM","50009","5","294","58.8","83","76","2026-08-03 / 2026-08-04 / 2026-08-05 / 2026-08-06 / 2026-08-07"
"109105","CANAROPA (1954) INC.","50018","5","98","19.6","33","49","2026-08-03 / 2026-08-04 / 2026-08-05 / 2026-08-06 / 2026-08-07"
"110997","CARDINAL COURRIERS LTEE","50002","5","66","13.2","23","53","2026-08-03 / 2026-08-04 / 2026-08-05 / 2026-08-06 / 2026-08-07"
"303067","CATSPORTS","50001","5","255","51","86","150","2026-08-03 / 2026-08-04 / 2026-08-05 / 2026-08-06 / 2026-08-07"
"301984","CHANTAL LACROIX B2C","50010","5","124","24.8","45","122","2026-08-03 / 2026-08-04 / 2026-08-05 / 2026-08-06 / 2026-08-07"
"112122","CHAUSSURES M&M FOOTWEAR","50016","5","52","10.4","36","8","2026-08-03 / 2026-08-04 / 2026-08-05 / 2026-08-06 / 2026-08-07"
"113333","COMMONWEALTH PLYWOOD (BOUCH)","50002 / 50004","5","92","18.4","34","80","2026-08-03 / 2026-08-04 / 2026-08-05 / 2026-08-06 / 2026-08-07"
"301229","COMPASS GROUP CANADA/MA CAFÉINE","50001","5","62","12.4","22","55","2026-08-03 / 2026-08-04 / 2026-08-05 / 2026-08-06 / 2026-08-07"
"300482","CONFORT EXCELFLEX (BLEU ECO)","50012","5","156","31.2","83","94","2026-08-03 / 2026-08-04 / 2026-08-05 / 2026-08-06 / 2026-08-07"
"105210","D'AMOUR BICYCLE","50018","4","269","67.25","97","139","2026-08-03 / 2026-08-04 / 2026-08-05 / 2026-08-07"
"114309","DANESCO INC","50019","5","113","22.6","59","19","2026-08-03 / 2026-08-04 / 2026-08-05 / 2026-08-06 / 2026-08-07"
"125007","DATA COMMUNICATION","50029","5","86","17.2","33","43","2026-08-03 / 2026-08-04 / 2026-08-05 / 2026-08-06 / 2026-08-07"
"118950","DIFFUSION DIMEDIA INC.","50014","3","272","90.67","97","195","2026-08-04 / 2026-08-06 / 2026-08-07"
"303598","DIFFUSION DIMEDIA INC. - SNR","50014","5","0","0","0","0","2026-08-03 / 2026-08-04 / 2026-08-05 / 2026-08-06 / 2026-08-07"
"131120","DISTRIBUTION HMH INC ","50014 / 50027","4","204","51","63","152","2026-08-04 / 2026-08-05 / 2026-08-06 / 2026-08-07"
"300627","DISTRIBUTION MORISSETTE","50013 / 50027","5","392","78.4","99","155","2026-08-03 / 2026-08-04 / 2026-08-05 / 2026-08-06 / 2026-08-07"
"155787","DISTRIBUTION PRO EXCELLENCE-87","50012","5","13","2.6","10","6","2026-08-03 / 2026-08-04 / 2026-08-05 / 2026-08-06 / 2026-08-07"
"163860","DISTRIBUTION SIGNATURE INC","50012","4","170","42.5","65","40","2026-08-03 / 2026-08-04 / 2026-08-05 / 2026-08-06"
"120468","DOMINION BLUELINE","50002","5","62","12.4","33","40","2026-08-03 / 2026-08-04 / 2026-08-05 / 2026-08-06 / 2026-08-07"
"120790","DUROPAC","50010","5","210","42","78","44","2026-08-03 / 2026-08-04 / 2026-08-05 / 2026-08-06 / 2026-08-07"
"166045","EAB TOOL COMPANY","50029","5","162","32.4","42","90","2026-08-03 / 2026-08-04 / 2026-08-05 / 2026-08-06 / 2026-08-07"
"121340","ECOLOPHARM INC","50010","1","34","34","34","13","2026-08-06"
"302624","EMPIRE","50001 / 50007","5","245","49","72","244","2026-08-03 / 2026-08-04 / 2026-08-05 / 2026-08-06 / 2026-08-07"
"130400","ENTREPRISES HAMELIN","50013","2","5","2.5","5","4","2026-08-05 / 2026-08-07"
"121395","ERGOGRIP","50005 / 50027","2","135","67.5","89","33","2026-08-05 / 2026-08-07"
"301238","EVOLUTION","50002","5","54","10.8","19","23","2026-08-03 / 2026-08-04 / 2026-08-05 / 2026-08-06 / 2026-08-07"
"124547","FABRAPLY INC.","50018","5","32","6.4","9","13","2026-08-03 / 2026-08-04 / 2026-08-05 / 2026-08-06 / 2026-08-07"
"302339","FABRICVILLE","50007 / 50014","5","48","9.6","16","47","2026-08-03 / 2026-08-04 / 2026-08-05 / 2026-08-06 / 2026-08-07"
"303201","FAMILYCROPS","50001","5","5","1","3","5","2026-08-03 / 2026-08-04 / 2026-08-05 / 2026-08-06 / 2026-08-07"
"303546","FASTCO CANADA","50019","5","233","46.6","63","86","2026-08-03 / 2026-08-04 / 2026-08-05 / 2026-08-06 / 2026-08-07"
"125388","FORMEDICA LTEE","50013","3","213","71","77","103","2026-08-03 / 2026-08-04 / 2026-08-07"
"302958","FRANKLIN EMPIRE","50016","5","147","29.4","49","84","2026-08-03 / 2026-08-04 / 2026-08-05 / 2026-08-06 / 2026-08-07"
"129320","GRAND PRIX IMPORT","50011","5","292","58.4","75","69","2026-08-03 / 2026-08-04 / 2026-08-05 / 2026-08-06 / 2026-08-07"
"301226","GRANDWEST ENTERPRISES DISTAM (EASTERN DIVISION)","50013","5","147","29.4","37","102","2026-08-03 / 2026-08-04 / 2026-08-05 / 2026-08-06 / 2026-08-07"
"301022","GROUPE PHARMA","50001","2","145","72.5","78","53","2026-08-06 / 2026-08-07"
"129900","GUAY BEAUTE INC","50024","4","252","63","89","198","2026-08-03 / 2026-08-04 / 2026-08-05 / 2026-08-06"
"130635","HARNOIS ENERGIES","50002","5","314","62.8","91","76","2026-08-03 / 2026-08-04 / 2026-08-05 / 2026-08-06 / 2026-08-07"
"131085","HIBBERT INTERNATIONAL INC.","50011","5","122","24.4","42","17","2026-08-03 / 2026-08-04 / 2026-08-05 / 2026-08-06 / 2026-08-07"
"131875","HRS GLOBAL (9266-1677 QC INC)","50018","5","37","7.4","18","19","2026-08-03 / 2026-08-04 / 2026-08-05 / 2026-08-06 / 2026-08-07"
"303322","J.E. MONDOU MASCOUCHE","50000 / 50004 / 50015 / 50004 / 50024","5","3","0.6","3","3","2026-08-03 / 2026-08-04 / 2026-08-05 / 2026-08-06 / 2026-08-07"
"301075","KARINE JONCAS COSMETIQUES","50007 / 50014","5","156","31.2","49","92","2026-08-03 / 2026-08-04 / 2026-08-05 / 2026-08-06 / 2026-08-07"
"303220","L'EMBALLAGE TOUT 3PL PIVAL STE-ANNE DE BELLEVUE","50019","5","262","52.4","79","66","2026-08-03 / 2026-08-04 / 2026-08-05 / 2026-08-06 / 2026-08-07"
"302189","LE JEAN BLEU INC","50018","5","9","1.8","6","9","2026-08-03 / 2026-08-04 / 2026-08-05 / 2026-08-06 / 2026-08-07"
"302180","LEADER AUTO RESSOURCE","50019","4","343","85.75","96","160","2026-08-04 / 2026-08-05 / 2026-08-06 / 2026-08-07"
"168070","LES ATTACHES VISCAN","50002","2","135","67.5","84","88","2026-08-05 / 2026-08-06"
"111444","LES EDITIONS C.E.C INC (NAT_FLEX )","50011","5","0","0","0","0","2026-08-03 / 2026-08-04 / 2026-08-05 / 2026-08-06 / 2026-08-07"
"157449","LES EQUIPEMENTS QUEMONT INC","50024","5","225","45","57","136","2026-08-03 / 2026-08-04 / 2026-08-05 / 2026-08-06 / 2026-08-07"
"164445","LES OLIVERAIES STAVROPOULOS","50002","4","168","42","72","77","2026-08-03 / 2026-08-04 / 2026-08-05 / 2026-08-06"
"164210","LES SOEURS EN VRAC","50011","5","178","35.6","50","79","2026-08-03 / 2026-08-04 / 2026-08-05 / 2026-08-06 / 2026-08-07"
"140702","LIEBERMANTEXTILES","50018","5","117","23.4","37","40","2026-08-03 / 2026-08-04 / 2026-08-05 / 2026-08-06 / 2026-08-07"
"144885","LUDIK DISTRIBUTION","50010","2","16","8","15","4","2026-08-05 / 2026-08-07"
"303591","MAISON JACYNTHE B2B","50013 / 50027","4","125","31.25","90","13","2026-08-03 / 2026-08-05 / 2026-08-06 / 2026-08-07"
"303019","MAISON JACYNTHE INC","50013 / 50027","5","106","21.2","46","106","2026-08-03 / 2026-08-04 / 2026-08-05 / 2026-08-06 / 2026-08-07"
"145369","MARION DISTRIBUTION","50024","3","173","57.67","94","30","2026-08-03 / 2026-08-06 / 2026-08-07"
"145425","MARTECH","50001 / 50007","5","112","22.4","26","53","2026-08-03 / 2026-08-04 / 2026-08-05 / 2026-08-06 / 2026-08-07"
"145496","MATCO PACKAGING INC","50016","5","87","17.4","62","28","2026-08-03 / 2026-08-04 / 2026-08-05 / 2026-08-06 / 2026-08-07"
"145898","MEDIATECH","50009","4","196","49","81","77","2026-08-03 / 2026-08-05 / 2026-08-06 / 2026-08-07"
"145915","MEDIQUE MEDICAL SUPPLIES ( MGBR ) INC","50018","5","109","21.8","29","65","2026-08-03 / 2026-08-04 / 2026-08-05 / 2026-08-06 / 2026-08-07"
"101472","MESSAGERIES A.D.P. INC. (RETOURS)","50013","5","136","27.2","38","26","2026-08-03 / 2026-08-04 / 2026-08-05 / 2026-08-06 / 2026-08-07"
"145969","MIDLAND TRANSPORT LIMITED","50004 / 50018 / 50006 / 50018","5","415","83","100","230","2026-08-03 / 2026-08-04 / 2026-08-05 / 2026-08-06 / 2026-08-07"
"182019","NASRI  INTERNATIONAL INC","50007 / 50014","5","177","35.4","100","70","2026-08-03 / 2026-08-04 / 2026-08-05 / 2026-08-06 / 2026-08-07"
"150936","NOBLE GIFT","50014","5","146","29.2","98","67","2026-08-03 / 2026-08-04 / 2026-08-05 / 2026-08-06 / 2026-08-07"
"302184","NORKA LIVING","50016","5","55","11","21","43","2026-08-03 / 2026-08-04 / 2026-08-05 / 2026-08-06 / 2026-08-07"
"303523","NOVENTRA INDUSTRIES","50027","2","0","0","0","0","2026-08-04 / 2026-08-06"
"303452","PARAMEDIC CANADA INC.","50017","2","186","93","96","63","2026-08-03 / 2026-08-06"
"154786","PRO PNEUS DEMARTIGNY INC","50017","5","0","0","0","0","2026-08-03 / 2026-08-04 / 2026-08-05 / 2026-08-06 / 2026-08-07"
"159947","PRODUITS SANITAIRES ROYAL NET INC.","50002","5","48","9.6","17","37","2026-08-03 / 2026-08-04 / 2026-08-05 / 2026-08-06 / 2026-08-07"
"156202","PROLOGUE (RETOURS)","50024","5","84","16.8","33","32","2026-08-03 / 2026-08-04 / 2026-08-05 / 2026-08-06 / 2026-08-07"
"163000","PROMOTION DU LIVRE SDM INC","50002","5","0","0","0","0","2026-08-03 / 2026-08-04 / 2026-08-05 / 2026-08-06 / 2026-08-07"
"301566","PROMOTION RODEL","50013","5","21","4.2","12","21","2026-08-03 / 2026-08-04 / 2026-08-05 / 2026-08-06 / 2026-08-07"
"102620","PROMOTIONS ATLANTIQUES","50013","5","54","10.8","22","13","2026-08-03 / 2026-08-04 / 2026-08-05 / 2026-08-06 / 2026-08-07"
"268418","PROVO LTD MTL","50016","5","224","44.8","64","39","2026-08-03 / 2026-08-04 / 2026-08-05 / 2026-08-06 / 2026-08-07"
"158563","QUINCAILLERIE RICHELIEU LTEE","50009","5","190","38","92","190","2026-08-03 / 2026-08-04 / 2026-08-05 / 2026-08-06 / 2026-08-07"
"102680","QUINCAILLERIE RICHELIEU LTEE RELIABLE","50001","5","222","44.4","74","222","2026-08-03 / 2026-08-04 / 2026-08-05 / 2026-08-06 / 2026-08-07"
"158568","RICOCHET","50024","1","97","97","97","27","2026-08-07"
"158800","ROCHELEAU","50029","1","68","68","68","40","2026-08-03"
"301430","SAIL PLEIN AIR","50001","1","2","2","2","1","2026-08-04"
"161402","SANI-MARC INC.","50029","2","59","29.5","59","27","2026-08-06 / 2026-08-07"
"161425","SARSTEDT INC.                           ","50011","3","59","19.67","39","24","2026-08-04 / 2026-08-06 / 2026-08-07"
"302365","SHIPTO","50002","4","311","77.75","100","246","2026-08-04 / 2026-08-05 / 2026-08-06 / 2026-08-07"
"303538","SHIPTO 2","50002","5","0","0","0","0","2026-08-03 / 2026-08-04 / 2026-08-05 / 2026-08-06 / 2026-08-07"
"303003","SIMONS PICKUP ST-BRUNO","50012","5","0","0","0","0","2026-08-03 / 2026-08-04 / 2026-08-05 / 2026-08-06 / 2026-08-07"
"303041","SINOPÉ","50010","1","0","0","0","0","2026-08-04"
"303547","SPI HEALTH & SAFETY","50024","5","87","17.4","26","61","2026-08-03 / 2026-08-04 / 2026-08-05 / 2026-08-06 / 2026-08-07"
"165506","SPICERS CANADA ULC","50002","5","184","36.8","52","82","2026-08-03 / 2026-08-04 / 2026-08-05 / 2026-08-06 / 2026-08-07"
"302891","SUPERIOR SANY SOLUTIONS DIV. IMPERIAL DADE","50018","2","92","46","92","26","2026-08-03 / 2026-08-04"
"102570","SUPPLEMENTS AROMATIK INC.","50013","5","69","13.8","23","27","2026-08-03 / 2026-08-04 / 2026-08-05 / 2026-08-06 / 2026-08-07"
"164964","SUZY'S INC","50016","2","1","0.5","1","1","2026-08-03 / 2026-08-06"
"302225","TANDEM 3PL","50001 / 50007","5","120","24","42","99","2026-08-03 / 2026-08-04 / 2026-08-05 / 2026-08-06 / 2026-08-07"
"112140","TC MEDIA LIVRE INC (COLLECT)","50013 / 50027","5","95","19","26","57","2026-08-03 / 2026-08-04 / 2026-08-05 / 2026-08-06 / 2026-08-07"
"302190","TECHNOLOGIES EDUCATIO INC","50011","4","267","66.75","95","265","2026-08-03 / 2026-08-04 / 2026-08-05 / 2026-08-07"
"165776","TOMRA CANADA INC","50019","5","119","23.8","37","94","2026-08-03 / 2026-08-04 / 2026-08-05 / 2026-08-06 / 2026-08-07"
"303299","TRUDEAU CORPORATION INTERNATIONAL INC","50027","1","4","4","4","4","2026-08-07"
"302293","UPSIDEDRINKS.CA","50001 / 50007","5","203","40.6","49","161","2026-08-03 / 2026-08-04 / 2026-08-05 / 2026-08-06 / 2026-08-07"
"302414","WAREHOUSE","50024","5","308","61.6","73","265","2026-08-03 / 2026-08-04 / 2026-08-05 / 2026-08-06 / 2026-08-07"
"303513","YUPIK","50007 / 50014","5","78","15.6","27","47","2026-08-03 / 2026-08-04 / 2026-08-05 / 2026-08-06 / 2026-08-07"
