"pickup_date","jour","route_ids","customer_id","client","scheduled_starts","scheduled_ends","parcels_created","shipments_created","shipping_orders_created"
"8/3/2026 12:00:00 AM","Lundi","50010","137814","137814","00:00","22:30","39","10","10"
"8/3/2026 12:00:00 AM","Lundi","50024","303495","A1 IMPORTS","00:00","13:30","68","50","50"
"8/3/2026 12:00:00 AM","Lundi","50010","101439","ACTION O&P INC","00:00","16:30","18","12","12"
"8/3/2026 12:00:00 AM","Lundi","50005","301311","AGENCE 2L","00:00","13:45","36","20","20"
"8/3/2026 12:00:00 AM","Lundi","50011","303629","AUTO COUNTRY MONTRÉAL","00:00","15:00","0","0","0"
"8/3/2026 12:00:00 AM","Lundi","50011","102790","AUTRUCHE","00:00","13:00","0","0","0"
"8/3/2026 12:00:00 AM","Lundi","50017","302586","B&B C/O EKKINOX","00:00","14:00","16","9","9"
"8/3/2026 12:00:00 AM","Lundi","50013","301166","BBQ QUÉBEC LONGUEUIL (B2C)","00:00","13:30","13","13","13"
"8/3/2026 12:00:00 AM","Lundi","50001","105491","BLC INT'L INC ( LE GROUPE )","00:00","16:45","34","12","12"
"8/3/2026 12:00:00 AM","Lundi","50019","303280","BOUCLAIR 24 HEURES","00:00","16:00","31","11","11"
"8/3/2026 12:00:00 AM","Lundi","50016","107821","BROWNING CANADA SPORTS LTEE","00:00","15:30","0","0","0"
"8/3/2026 12:00:00 AM","Lundi","50016","107820","BROWNING CANADA SPORTS LTEE ( AAF )","00:00","15:30","0","0","0"
"8/3/2026 12:00:00 AM","Lundi","50013","167812","CADRES VERBEC INC","00:00","15:20","42","35","35"
"8/3/2026 12:00:00 AM","Lundi","50019","302525","CAMBIUM DISTRIBUTION","00:00","16:45","72","8","8"
"8/3/2026 12:00:00 AM","Lundi","50002","110997","CARDINAL COURRIERS LTEE","00:00","18:15","10","9","9"
"8/3/2026 12:00:00 AM","Lundi","50001","303067","CATSPORTS","00:00","15:45","33","10","10"
"8/3/2026 12:00:00 AM","Lundi","50010","301984","CHANTAL LACROIX B2C","00:00","13:30","27","26","26"
"8/3/2026 12:00:00 AM","Lundi","50016","112122","CHAUSSURES M&M FOOTWEAR","00:00","15:00","0","0","0"
"8/3/2026 12:00:00 AM","Lundi","50004","113333","COMMONWEALTH PLYWOOD (BOUCH)","00:00","19:30","24","21","21"
"8/3/2026 12:00:00 AM","Lundi","50001","301229","COMPASS GROUP CANADA/MA CAFÉINE","00:00","13:00","22","22","22"
"8/3/2026 12:00:00 AM","Lundi","50012","300482","CONFORT EXCELFLEX (BLEU ECO)","00:00","14:00","83","42","42"
"8/3/2026 12:00:00 AM","Lundi","50029","125007","DATA COMMUNICATION","00:00","18:15","14","8","8"
"8/3/2026 12:00:00 AM","Lundi","50014","303598","DIFFUSION DIMEDIA INC. - SNR","00:00","17:00","0","0","0"
"8/3/2026 12:00:00 AM","Lundi","50027","300627","DISTRIBUTION MORISSETTE","00:00","16:00","59","35","35"
"8/3/2026 12:00:00 AM","Lundi","50012","155787","DISTRIBUTION PRO EXCELLENCE-87","00:00","13:30","0","0","0"
"8/3/2026 12:00:00 AM","Lundi","50002","120468","DOMINION BLUELINE","00:00","18:00","9","4","4"
"8/3/2026 12:00:00 AM","Lundi","50010","120790","DUROPAC","00:00","16:10","78","13","13"
"8/3/2026 12:00:00 AM","Lundi","50029","166045","EAB TOOL COMPANY","00:00","14:45","25","10","10"
"8/3/2026 12:00:00 AM","Lundi","50001","302624","EMPIRE","00:00","15:30","72","72","71"
"8/3/2026 12:00:00 AM","Lundi","50002","301238","EVOLUTION","00:00","16:25","8","3","3"
"8/3/2026 12:00:00 AM","Lundi","50018","124547","FABRAPLY INC.","00:00","14:00","8","3","3"
"8/3/2026 12:00:00 AM","Lundi","50007","302339","FABRICVILLE","00:00","16:00","7","6","6"
"8/3/2026 12:00:00 AM","Lundi","50001","303201","FAMILYCROPS","00:00","15:35","2","2","2"
"8/3/2026 12:00:00 AM","Lundi","50013","125388","FORMEDICA LTEE","00:00","14:45","76","34","34"
"8/3/2026 12:00:00 AM","Lundi","50016","302958","FRANKLIN EMPIRE","00:00","16:45","16","14","14"
"8/3/2026 12:00:00 AM","Lundi","50011","129320","GRAND PRIX IMPORT","00:00","17:10","63","12","12"
"8/3/2026 12:00:00 AM","Lundi","50024","129900","GUAY BEAUTE INC","00:00","15:50","71","52","52"
"8/3/2026 12:00:00 AM","Lundi","50002","130635","HARNOIS ENERGIES","00:00","15:30","57","18","18"
"8/3/2026 12:00:00 AM","Lundi","50011","131085","HIBBERT INTERNATIONAL INC.","00:00","16:15","2","1","1"
"8/3/2026 12:00:00 AM","Lundi","50018","131875","HRS GLOBAL (9266-1677 QC INC)","00:00","14:30","18","9","9"
"8/3/2026 12:00:00 AM","Lundi","50019","303220","L'EMBALLAGE TOUT 3PL PIVAL STE-ANNE DE BELLEVUE","00:00","14:00","79","17","17"
"8/3/2026 12:00:00 AM","Lundi","50018","302189","LE JEAN BLEU INC","00:00","17:15","0","0","0"
"8/3/2026 12:00:00 AM","Lundi","50024","157449","LES EQUIPEMENTS QUEMONT INC","00:00","16:30","50","35","35"
"8/3/2026 12:00:00 AM","Lundi","50011","164210","LES SOEURS EN VRAC","00:00","16:00","47","23","23"
"8/3/2026 12:00:00 AM","Lundi","50018","140702","LIEBERMANTEXTILES","00:00","15:00","37","12","12"
"8/3/2026 12:00:00 AM","Lundi","50027","303591","MAISON JACYNTHE B2B","00:00","15:00","0","0","0"
"8/3/2026 12:00:00 AM","Lundi","50027","303019","MAISON JACYNTHE INC","00:00","15:00","24","24","24"
"8/3/2026 12:00:00 AM","Lundi","50024","145369","MARION DISTRIBUTION","00:00","15:15","94","16","16"
"8/3/2026 12:00:00 AM","Lundi","50001","145425","MARTECH","00:00","14:45","24","9","9"
"8/3/2026 12:00:00 AM","Lundi","50016","145496","MATCO PACKAGING INC","00:00","16:00","0","0","0"
"8/3/2026 12:00:00 AM","Lundi","50009","145898","MEDIATECH","00:00","15:30","81","33","33"
"8/3/2026 12:00:00 AM","Lundi","50018","145915","MEDIQUE MEDICAL SUPPLIES ( MGBR ) INC","00:00","15:00","17","10","10"
"8/3/2026 12:00:00 AM","Lundi","50007","182019","NASRI  INTERNATIONAL INC","00:00","16:00","100","27","27"
"8/3/2026 12:00:00 AM","Lundi","50014","150936","NOBLE GIFT","00:00","16:15","1","1","1"
"8/3/2026 12:00:00 AM","Lundi","50016","302184","NORKA LIVING","00:00","14:30","21","15","15"
"8/3/2026 12:00:00 AM","Lundi","50017","303452","PARAMEDIC CANADA INC.","00:00","16:00","90","31","31"
"8/3/2026 12:00:00 AM","Lundi","50017","154786","PRO PNEUS DEMARTIGNY INC","00:00","13:00","0","0","0"
"8/3/2026 12:00:00 AM","Lundi","50002","159947","PRODUITS SANITAIRES ROYAL NET INC.","00:00","15:00","9","7","7"
"8/3/2026 12:00:00 AM","Lundi","50002","163000","PROMOTION DU LIVRE SDM INC","00:00","13:45","0","0","0"
"8/3/2026 12:00:00 AM","Lundi","50013","301566","PROMOTION RODEL","00:00","15:50","12","12","12"
"8/3/2026 12:00:00 AM","Lundi","50013","102620","PROMOTIONS ATLANTIQUES","00:00","13:40","10","3","3"
"8/3/2026 12:00:00 AM","Lundi","50009","158563","QUINCAILLERIE RICHELIEU LTEE","00:00","20:00","0","0","0"
"8/3/2026 12:00:00 AM","Lundi","50001","102680","QUINCAILLERIE RICHELIEU LTEE RELIABLE","00:00","17:25","21","21","21"
"8/3/2026 12:00:00 AM","Lundi","50029","158800","ROCHELEAU","00:00","15:15","68","40","40"
"8/3/2026 12:00:00 AM","Lundi","50002","303538","SHIPTO 2","00:00","14:00","0","0","0"
"8/3/2026 12:00:00 AM","Lundi","50012","303003","SIMONS PICKUP ST-BRUNO","00:00","15:30","0","0","0"
"8/3/2026 12:00:00 AM","Lundi","50024","303547","SPI HEALTH & SAFETY","00:00","17:30","26","13","13"
"8/3/2026 12:00:00 AM","Lundi","50018","302891","SUPERIOR SANY SOLUTIONS DIV. IMPERIAL DADE","00:00","14:45","92","26","26"
"8/3/2026 12:00:00 AM","Lundi","50013","102570","SUPPLEMENTS AROMATIK INC.","00:00","15:15","23","11","11"
"8/3/2026 12:00:00 AM","Lundi","50016","164964","SUZY'S INC","00:00","14:30","1","1","1"
"8/3/2026 12:00:00 AM","Lundi","50001","302225","TANDEM 3PL","00:00","15:00","38","32","32"
"8/3/2026 12:00:00 AM","Lundi","50011","302190","TECHNOLOGIES EDUCATIO INC","00:00","14:00","43","43","43"
"8/3/2026 12:00:00 AM","Lundi","50001","302293","UPSIDEDRINKS.CA","00:00","15:15","33","31","31"
"8/3/2026 12:00:00 AM","Lundi","50024","302414","WAREHOUSE","00:00","17:15","68","61","61"
"8/3/2026 12:00:00 AM","Lundi","50006 / 50018","145969","MIDLAND TRANSPORT LIMITED","00:00 / 18:00","00:00 / 14:15","60","33","33"
"8/3/2026 12:00:00 AM","Lundi","50004 / 50024","303322","J.E. MONDOU MASCOUCHE","00:00 / Non définie","20:00 / 23:00","3","3","3"
"8/3/2026 12:00:00 AM","Lundi","50019","165776","TOMRA CANADA INC","15:00","13:45","37","29","29"
"8/3/2026 12:00:00 AM","Lundi","50018","109105","CANAROPA (1954) INC.","16:30","16:15","33","13","13"
"8/3/2026 12:00:00 AM","Lundi","50007","301075","KARINE JONCAS COSMETIQUES","16:30","15:15","24","18","18"
"8/3/2026 12:00:00 AM","Lundi","50013","101472","MESSAGERIES A.D.P. INC. (RETOURS)","16:30","10:00","11","2","2"
"8/3/2026 12:00:00 AM","Lundi","50024","156202","PROLOGUE (RETOURS)","16:30","13:00","16","7","7"
"8/3/2026 12:00:00 AM","Lundi","50014","151185","BAYARD PRESSE CANADA INC ( ADELF )","17:00","14:00","5","5","5"
"8/3/2026 12:00:00 AM","Lundi","50009","109008","CANARM","17:00","13:45","37","9","9"
"8/3/2026 12:00:00 AM","Lundi","50018","105210","D'AMOUR BICYCLE","17:00","16:45","97","50","50"
"8/3/2026 12:00:00 AM","Lundi","50013","301226","GRANDWEST ENTERPRISES DISTAM (EASTERN DIVISION)","17:00","16:15","21","17","17"
"8/3/2026 12:00:00 AM","Lundi","50016","268418","PROVO LTD MTL","17:00","16:15","56","8","8"
"8/3/2026 12:00:00 AM","Lundi","50012","112005","BUROPRO CITATION DRUMMONVILLE","Non définie","10:15","53","31","31"
"8/3/2026 12:00:00 AM","Lundi","50019","114309","DANESCO INC","Non définie","14:30","13","3","3"
"8/3/2026 12:00:00 AM","Lundi","50012","163860","DISTRIBUTION SIGNATURE INC","Non définie","15:00","3","3","3"
"8/3/2026 12:00:00 AM","Lundi","50019","303546","FASTCO CANADA","Non définie","15:30","52","16","16"
"8/3/2026 12:00:00 AM","Lundi","50011","111444","LES EDITIONS C.E.C INC (NAT_FLEX )","Non définie","15:30","0","0","0"
"8/3/2026 12:00:00 AM","Lundi","50002","164445","LES OLIVERAIES STAVROPOULOS","Non définie","15:30","21","12","12"
"8/3/2026 12:00:00 AM","Lundi","50002","165506","SPICERS CANADA ULC","Non définie","18:45","52","21","21"
"8/3/2026 12:00:00 AM","Lundi","50027","112140","TC MEDIA LIVRE INC (COLLECT)","Non définie","14:30","18","6","6"
"8/3/2026 12:00:00 AM","Lundi","50007","303513","YUPIK","Non définie","15:00","1","1","1"
"8/4/2026 12:00:00 AM","Mardi","50010","137814","137814","00:00","18:00","25","6","6"
"8/4/2026 12:00:00 AM","Mardi","50024","303495","A1 IMPORTS","00:00","13:30","75","46","46"
"8/4/2026 12:00:00 AM","Mardi","50010","101439","ACTION O&P INC","00:00","16:30","24","11","11"
"8/4/2026 12:00:00 AM","Mardi","50005","301311","AGENCE 2L","00:00","13:45","17","11","11"
"8/4/2026 12:00:00 AM","Mardi","50000","105856","AQRCB","00:00","13:00","6","6","6"
"8/4/2026 12:00:00 AM","Mardi","50011","303629","AUTO COUNTRY MONTRÉAL","00:00","15:00","20","6","6"
"8/4/2026 12:00:00 AM","Mardi","50011","102790","AUTRUCHE","00:00","13:00","66","13","13"
"8/4/2026 12:00:00 AM","Mardi","50017","302586","B&B C/O EKKINOX","00:00","14:00","27","14","14"
"8/4/2026 12:00:00 AM","Mardi","50013","301166","BBQ QUÉBEC LONGUEUIL (B2C)","00:00","13:30","17","17","17"
"8/4/2026 12:00:00 AM","Mardi","50001","105491","BLC INT'L INC ( LE GROUPE )","00:00","16:45","22","14","14"
"8/4/2026 12:00:00 AM","Mardi","50019","303280","BOUCLAIR 24 HEURES","00:00","16:00","16","12","12"
"8/4/2026 12:00:00 AM","Mardi","50016","107821","BROWNING CANADA SPORTS LTEE","00:00","15:30","0","0","0"
"8/4/2026 12:00:00 AM","Mardi","50016","107820","BROWNING CANADA SPORTS LTEE ( AAF )","00:00","15:30","4","4","4"
"8/4/2026 12:00:00 AM","Mardi","50012","112008","BUROPRO CITATION ST HYACINTHE","00:00","00:00","0","0","0"
"8/4/2026 12:00:00 AM","Mardi","50013","167812","CADRES VERBEC INC","00:00","15:20","78","58","58"
"8/4/2026 12:00:00 AM","Mardi","50019","302525","CAMBIUM DISTRIBUTION","00:00","16:45","17","6","6"
"8/4/2026 12:00:00 AM","Mardi","50012","101680","CAMEMAT INC.","00:00","14:45","1","1","1"
"8/4/2026 12:00:00 AM","Mardi","50002","110997","CARDINAL COURRIERS LTEE","00:00","18:15","1","1","1"
"8/4/2026 12:00:00 AM","Mardi","50001","303067","CATSPORTS","00:00","15:45","86","49","49"
"8/4/2026 12:00:00 AM","Mardi","50010","301984","CHANTAL LACROIX B2C","00:00","13:30","45","44","44"
"8/4/2026 12:00:00 AM","Mardi","50016","112122","CHAUSSURES M&M FOOTWEAR","00:00","15:00","0","0","0"
"8/4/2026 12:00:00 AM","Mardi","50004","113333","COMMONWEALTH PLYWOOD (BOUCH)","00:00","19:30","34","27","27"
"8/4/2026 12:00:00 AM","Mardi","50001","301229","COMPASS GROUP CANADA/MA CAFÉINE","00:00","13:00","11","9","9"
"8/4/2026 12:00:00 AM","Mardi","50012","300482","CONFORT EXCELFLEX (BLEU ECO)","00:00","14:00","31","22","22"
"8/4/2026 12:00:00 AM","Mardi","50029","125007","DATA COMMUNICATION","00:00","18:15","10","4","4"
"8/4/2026 12:00:00 AM","Mardi","50014","118950","DIFFUSION DIMEDIA INC.","00:00","17:00","88","75","75"
"8/4/2026 12:00:00 AM","Mardi","50014","303598","DIFFUSION DIMEDIA INC. - SNR","00:00","17:00","0","0","0"
"8/4/2026 12:00:00 AM","Mardi","50014","131120","DISTRIBUTION HMH INC ","00:00","13:30","52","47","47"
"8/4/2026 12:00:00 AM","Mardi","50027","300627","DISTRIBUTION MORISSETTE","00:00","16:00","99","30","30"
"8/4/2026 12:00:00 AM","Mardi","50012","155787","DISTRIBUTION PRO EXCELLENCE-87","00:00","13:30","10","5","5"
"8/4/2026 12:00:00 AM","Mardi","50002","120468","DOMINION BLUELINE","00:00","18:00","33","30","30"
"8/4/2026 12:00:00 AM","Mardi","50010","120790","DUROPAC","00:00","16:10","40","12","12"
"8/4/2026 12:00:00 AM","Mardi","50029","166045","EAB TOOL COMPANY","00:00","14:45","21","13","13"
"8/4/2026 12:00:00 AM","Mardi","50001","302624","EMPIRE","00:00","15:30","65","64","64"
"8/4/2026 12:00:00 AM","Mardi","50002","301238","EVOLUTION","00:00","16:25","19","7","7"
"8/4/2026 12:00:00 AM","Mardi","50018","124547","FABRAPLY INC.","00:00","14:00","5","1","1"
"8/4/2026 12:00:00 AM","Mardi","50007","302339","FABRICVILLE","00:00","16:00","16","16","16"
"8/4/2026 12:00:00 AM","Mardi","50001","303201","FAMILYCROPS","00:00","15:35","0","0","0"
"8/4/2026 12:00:00 AM","Mardi","50013","125388","FORMEDICA LTEE","00:00","14:45","77","42","42"
"8/4/2026 12:00:00 AM","Mardi","50016","302958","FRANKLIN EMPIRE","00:00","16:45","19","14","14"
"8/4/2026 12:00:00 AM","Mardi","50011","129320","GRAND PRIX IMPORT","00:00","17:10","44","13","13"
"8/4/2026 12:00:00 AM","Mardi","50024","129900","GUAY BEAUTE INC","00:00","15:50","89","63","63"
"8/4/2026 12:00:00 AM","Mardi","50002","130635","HARNOIS ENERGIES","00:00","15:30","71","15","15"
"8/4/2026 12:00:00 AM","Mardi","50011","131085","HIBBERT INTERNATIONAL INC.","00:00","16:15","42","6","6"
"8/4/2026 12:00:00 AM","Mardi","50018","131875","HRS GLOBAL (9266-1677 QC INC)","00:00","14:30","1","1","1"
"8/4/2026 12:00:00 AM","Mardi","50019","303220","L'EMBALLAGE TOUT 3PL PIVAL STE-ANNE DE BELLEVUE","00:00","14:00","33","11","11"
"8/4/2026 12:00:00 AM","Mardi","50018","302189","LE JEAN BLEU INC","00:00","17:15","3","3","3"
"8/4/2026 12:00:00 AM","Mardi","50019","302180","LEADER AUTO RESSOURCE","00:00","16:00","89","42","42"
"8/4/2026 12:00:00 AM","Mardi","50024","157449","LES EQUIPEMENTS QUEMONT INC","00:00","16:30","57","31","31"
"8/4/2026 12:00:00 AM","Mardi","50011","164210","LES SOEURS EN VRAC","00:00","16:00","50","18","18"
"8/4/2026 12:00:00 AM","Mardi","50018","140702","LIEBERMANTEXTILES","00:00","15:00","18","6","6"
"8/4/2026 12:00:00 AM","Mardi","50027","303019","MAISON JACYNTHE INC","00:00","15:00","23","23","23"
"8/4/2026 12:00:00 AM","Mardi","50001","145425","MARTECH","00:00","14:45","24","12","12"
"8/4/2026 12:00:00 AM","Mardi","50016","145496","MATCO PACKAGING INC","00:00","16:00","0","0","0"
"8/4/2026 12:00:00 AM","Mardi","50018","145915","MEDIQUE MEDICAL SUPPLIES ( MGBR ) INC","00:00","15:00","23","15","15"
"8/4/2026 12:00:00 AM","Mardi","50007","182019","NASRI  INTERNATIONAL INC","00:00","16:00","25","12","12"
"8/4/2026 12:00:00 AM","Mardi","50014","150936","NOBLE GIFT","00:00","16:15","98","42","42"
"8/4/2026 12:00:00 AM","Mardi","50016","302184","NORKA LIVING","00:00","14:30","13","10","10"
"8/4/2026 12:00:00 AM","Mardi","50017","154786","PRO PNEUS DEMARTIGNY INC","00:00","13:00","0","0","0"
"8/4/2026 12:00:00 AM","Mardi","50002","159947","PRODUITS SANITAIRES ROYAL NET INC.","00:00","15:00","9","7","7"
"8/4/2026 12:00:00 AM","Mardi","50002","163000","PROMOTION DU LIVRE SDM INC","00:00","13:45","0","0","0"
"8/4/2026 12:00:00 AM","Mardi","50013","301566","PROMOTION RODEL","00:00","15:50","4","4","4"
"8/4/2026 12:00:00 AM","Mardi","50013","102620","PROMOTIONS ATLANTIQUES","00:00","13:40","18","2","2"
"8/4/2026 12:00:00 AM","Mardi","50009","158563","QUINCAILLERIE RICHELIEU LTEE","00:00","20:00","92","92","92"
"8/4/2026 12:00:00 AM","Mardi","50001","102680","QUINCAILLERIE RICHELIEU LTEE RELIABLE","00:00","17:25","23","23","23"
"8/4/2026 12:00:00 AM","Mardi","50001","301430","SAIL PLEIN AIR","00:00","13:00","2","1","1"
"8/4/2026 12:00:00 AM","Mardi","50011","161425","SARSTEDT INC.                           ","00:00","15:00","0","0","0"
"8/4/2026 12:00:00 AM","Mardi","50002","302365","SHIPTO","00:00","14:00","100","94","94"
"8/4/2026 12:00:00 AM","Mardi","50002","303538","SHIPTO 2","00:00","14:00","0","0","0"
"8/4/2026 12:00:00 AM","Mardi","50012","303003","SIMONS PICKUP ST-BRUNO","00:00","15:30","0","0","0"
"8/4/2026 12:00:00 AM","Mardi","50010","303041","SINOPÉ","00:00","12:00","0","0","0"
"8/4/2026 12:00:00 AM","Mardi","50024","303547","SPI HEALTH & SAFETY","00:00","17:30","17","9","9"
"8/4/2026 12:00:00 AM","Mardi","50018","302891","SUPERIOR SANY SOLUTIONS DIV. IMPERIAL DADE","00:00","14:45","0","0","0"
"8/4/2026 12:00:00 AM","Mardi","50013","102570","SUPPLEMENTS AROMATIK INC.","00:00","15:15","6","2","2"
"8/4/2026 12:00:00 AM","Mardi","50001","302225","TANDEM 3PL","00:00","15:00","25","21","21"
"8/4/2026 12:00:00 AM","Mardi","50011","302190","TECHNOLOGIES EDUCATIO INC","00:00","14:00","51","51","51"
"8/4/2026 12:00:00 AM","Mardi","50001","302293","UPSIDEDRINKS.CA","00:00","15:15","45","29","29"
"8/4/2026 12:00:00 AM","Mardi","50024","302414","WAREHOUSE","00:00","17:15","73","61","61"
"8/4/2026 12:00:00 AM","Mardi","50006 / 50018","145969","MIDLAND TRANSPORT LIMITED","00:00 / 18:00","00:00 / 14:15","83","29","29"
"8/4/2026 12:00:00 AM","Mardi","50004 / 50024","303322","J.E. MONDOU MASCOUCHE","00:00 / Non définie","20:00 / 23:00","0","0","0"
"8/4/2026 12:00:00 AM","Mardi","50019","165776","TOMRA CANADA INC","15:00","13:45","27","14","14"
"8/4/2026 12:00:00 AM","Mardi","50018","109105","CANAROPA (1954) INC.","16:30","16:15","29","16","16"
"8/4/2026 12:00:00 AM","Mardi","50007","301075","KARINE JONCAS COSMETIQUES","16:30","15:15","28","17","17"
"8/4/2026 12:00:00 AM","Mardi","50013","101472","MESSAGERIES A.D.P. INC. (RETOURS)","16:30","10:00","31","6","6"
"8/4/2026 12:00:00 AM","Mardi","50024","156202","PROLOGUE (RETOURS)","16:30","13:00","8","4","4"
"8/4/2026 12:00:00 AM","Mardi","50014","151185","BAYARD PRESSE CANADA INC ( ADELF )","17:00","14:00","14","10","10"
"8/4/2026 12:00:00 AM","Mardi","50009","109008","CANARM","17:00","13:45","83","20","20"
"8/4/2026 12:00:00 AM","Mardi","50018","105210","D'AMOUR BICYCLE","17:00","16:45","59","31","31"
"8/4/2026 12:00:00 AM","Mardi","50013","301226","GRANDWEST ENTERPRISES DISTAM (EASTERN DIVISION)","17:00","16:15","33","24","24"
"8/4/2026 12:00:00 AM","Mardi","50016","268418","PROVO LTD MTL","17:00","16:15","24","8","8"
"8/4/2026 12:00:00 AM","Mardi","50012","112005","BUROPRO CITATION DRUMMONVILLE","Non définie","10:15","56","38","38"
"8/4/2026 12:00:00 AM","Mardi","50019","114309","DANESCO INC","Non définie","14:30","59","8","8"
"8/4/2026 12:00:00 AM","Mardi","50012","163860","DISTRIBUTION SIGNATURE INC","Non définie","15:00","48","15","15"
"8/4/2026 12:00:00 AM","Mardi","50019","303546","FASTCO CANADA","Non définie","15:30","42","16","16"
"8/4/2026 12:00:00 AM","Mardi","50011","111444","LES EDITIONS C.E.C INC (NAT_FLEX )","Non définie","15:30","0","0","0"
"8/4/2026 12:00:00 AM","Mardi","50002","164445","LES OLIVERAIES STAVROPOULOS","Non définie","15:30","38","16","16"
"8/4/2026 12:00:00 AM","Mardi","50027","303523","NOVENTRA INDUSTRIES","Non définie","14:00","0","0","0"
"8/4/2026 12:00:00 AM","Mardi","50002","165506","SPICERS CANADA ULC","Non définie","18:45","35","16","16"
"8/4/2026 12:00:00 AM","Mardi","50027","112140","TC MEDIA LIVRE INC (COLLECT)","Non définie","14:30","11","9","9"
"8/4/2026 12:00:00 AM","Mardi","50007","303513","YUPIK","Non définie","15:00","23","12","12"
"8/5/2026 12:00:00 AM","Mercredi","50010","137814","137814","00:00","18:00","23","7","7"
"8/5/2026 12:00:00 AM","Mercredi","50024","303495","A1 IMPORTS","00:00","13:30","54","32","32"
"8/5/2026 12:00:00 AM","Mercredi","50010","101439","ACTION O&P INC","00:00","16:30","17","11","11"
"8/5/2026 12:00:00 AM","Mercredi","50005","301311","AGENCE 2L","00:00","13:45","22","9","9"
"8/5/2026 12:00:00 AM","Mercredi","50011","303629","AUTO COUNTRY MONTRÉAL","00:00","15:00","29","7","7"
"8/5/2026 12:00:00 AM","Mercredi","50011","102790","AUTRUCHE","00:00","13:00","70","10","10"
"8/5/2026 12:00:00 AM","Mercredi","50017","302586","B&B C/O EKKINOX","00:00","14:00","75","37","37"
"8/5/2026 12:00:00 AM","Mercredi","50013","301166","BBQ QUÉBEC LONGUEUIL (B2C)","00:00","13:30","16","14","14"
"8/5/2026 12:00:00 AM","Mercredi","50017","103390","BEAUTE STAR INC ( MTL )","00:00","17:00","89","35","35"
"8/5/2026 12:00:00 AM","Mercredi","50001","105491","BLC INT'L INC ( LE GROUPE )","00:00","16:45","13","7","7"
"8/5/2026 12:00:00 AM","Mercredi","50019","303280","BOUCLAIR 24 HEURES","00:00","16:00","22","13","13"
"8/5/2026 12:00:00 AM","Mercredi","50016","107821","BROWNING CANADA SPORTS LTEE","00:00","15:30","0","0","0"
"8/5/2026 12:00:00 AM","Mercredi","50016","107820","BROWNING CANADA SPORTS LTEE ( AAF )","00:00","15:30","0","0","0"
"8/5/2026 12:00:00 AM","Mercredi","50013","167812","CADRES VERBEC INC","00:00","15:20","50","36","36"
"8/5/2026 12:00:00 AM","Mercredi","50014","103109","CAFE BARISTA INC","00:00","14:50","84","28","28"
"8/5/2026 12:00:00 AM","Mercredi","50019","302525","CAMBIUM DISTRIBUTION","00:00","16:45","68","8","8"
"8/5/2026 12:00:00 AM","Mercredi","50002","110997","CARDINAL COURRIERS LTEE","00:00","18:15","23","17","17"
"8/5/2026 12:00:00 AM","Mercredi","50001","303067","CATSPORTS","00:00","15:45","47","33","33"
"8/5/2026 12:00:00 AM","Mercredi","50010","301984","CHANTAL LACROIX B2C","00:00","13:30","43","43","43"
"8/5/2026 12:00:00 AM","Mercredi","50016","112122","CHAUSSURES M&M FOOTWEAR","00:00","15:00","16","3","3"
"8/5/2026 12:00:00 AM","Mercredi","50004","113333","COMMONWEALTH PLYWOOD (BOUCH)","00:00","19:30","10","10","10"
"8/5/2026 12:00:00 AM","Mercredi","50001","301229","COMPASS GROUP CANADA/MA CAFÉINE","00:00","13:00","9","9","9"
"8/5/2026 12:00:00 AM","Mercredi","50012","300482","CONFORT EXCELFLEX (BLEU ECO)","00:00","14:00","17","12","12"
"8/5/2026 12:00:00 AM","Mercredi","50029","125007","DATA COMMUNICATION","00:00","18:15","33","14","14"
"8/5/2026 12:00:00 AM","Mercredi","50014","303598","DIFFUSION DIMEDIA INC. - SNR","00:00","17:00","0","0","0"
"8/5/2026 12:00:00 AM","Mercredi","50014","131120","DISTRIBUTION HMH INC ","00:00","13:30","31","23","23"
"8/5/2026 12:00:00 AM","Mercredi","50027","300627","DISTRIBUTION MORISSETTE","00:00","16:00","97","49","49"
"8/5/2026 12:00:00 AM","Mercredi","50012","155787","DISTRIBUTION PRO EXCELLENCE-87","00:00","13:30","3","1","1"
"8/5/2026 12:00:00 AM","Mercredi","50002","120468","DOMINION BLUELINE","00:00","18:00","7","3","3"
"8/5/2026 12:00:00 AM","Mercredi","50010","120790","DUROPAC","00:00","16:10","44","8","8"
"8/5/2026 12:00:00 AM","Mercredi","50029","166045","EAB TOOL COMPANY","00:00","14:45","42","25","25"
"8/5/2026 12:00:00 AM","Mercredi","50001","302624","EMPIRE","00:00","15:30","58","58","58"
"8/5/2026 12:00:00 AM","Mercredi","50013","130400","ENTREPRISES HAMELIN","00:00","13:00","5","4","4"
"8/5/2026 12:00:00 AM","Mercredi","50005","121395","ERGOGRIP","00:00","15:15","89","21","21"
"8/5/2026 12:00:00 AM","Mercredi","50002","301238","EVOLUTION","00:00","16:25","3","2","2"
"8/5/2026 12:00:00 AM","Mercredi","50018","124547","FABRAPLY INC.","00:00","14:00","9","4","4"
"8/5/2026 12:00:00 AM","Mercredi","50007","302339","FABRICVILLE","00:00","16:00","8","8","8"
"8/5/2026 12:00:00 AM","Mercredi","50001","303201","FAMILYCROPS","00:00","15:35","3","3","3"
"8/5/2026 12:00:00 AM","Mercredi","50016","302958","FRANKLIN EMPIRE","00:00","16:45","49","19","19"
"8/5/2026 12:00:00 AM","Mercredi","50011","129320","GRAND PRIX IMPORT","00:00","17:10","50","11","11"
"8/5/2026 12:00:00 AM","Mercredi","50024","129900","GUAY BEAUTE INC","00:00","15:50","61","58","58"
"8/5/2026 12:00:00 AM","Mercredi","50002","130635","HARNOIS ENERGIES","00:00","15:30","51","14","14"
"8/5/2026 12:00:00 AM","Mercredi","50011","131085","HIBBERT INTERNATIONAL INC.","00:00","16:15","26","4","4"
"8/5/2026 12:00:00 AM","Mercredi","50018","131875","HRS GLOBAL (9266-1677 QC INC)","00:00","14:30","0","0","0"
"8/5/2026 12:00:00 AM","Mercredi","50019","303220","L'EMBALLAGE TOUT 3PL PIVAL STE-ANNE DE BELLEVUE","00:00","14:00","44","12","12"
"8/5/2026 12:00:00 AM","Mercredi","50018","302189","LE JEAN BLEU INC","00:00","17:15","6","6","6"
"8/5/2026 12:00:00 AM","Mercredi","50019","302180","LEADER AUTO RESSOURCE","00:00","16:00","89","41","41"
"8/5/2026 12:00:00 AM","Mercredi","50002","168070","LES ATTACHES VISCAN","00:00","17:00","84","54","54"
"8/5/2026 12:00:00 AM","Mercredi","50024","157449","LES EQUIPEMENTS QUEMONT INC","00:00","16:30","53","26","26"
"8/5/2026 12:00:00 AM","Mercredi","50011","164210","LES SOEURS EN VRAC","00:00","16:00","32","17","17"
"8/5/2026 12:00:00 AM","Mercredi","50018","140702","LIEBERMANTEXTILES","00:00","15:00","12","4","4"
"8/5/2026 12:00:00 AM","Mercredi","50027","303591","MAISON JACYNTHE B2B","00:00","15:00","90","12","12"
"8/5/2026 12:00:00 AM","Mercredi","50027","303019","MAISON JACYNTHE INC","00:00","15:00","9","9","9"
"8/5/2026 12:00:00 AM","Mercredi","50001","145425","MARTECH","00:00","14:45","18","11","11"
"8/5/2026 12:00:00 AM","Mercredi","50016","145496","MATCO PACKAGING INC","00:00","16:00","0","0","0"
"8/5/2026 12:00:00 AM","Mercredi","50009","145898","MEDIATECH","00:00","15:30","64","19","19"
"8/5/2026 12:00:00 AM","Mercredi","50018","145915","MEDIQUE MEDICAL SUPPLIES ( MGBR ) INC","00:00","15:00","12","10","10"
"8/5/2026 12:00:00 AM","Mercredi","50007","182019","NASRI  INTERNATIONAL INC","00:00","16:00","5","2","2"
"8/5/2026 12:00:00 AM","Mercredi","50014","150936","NOBLE GIFT","00:00","16:15","39","19","19"
"8/5/2026 12:00:00 AM","Mercredi","50016","302184","NORKA LIVING","00:00","14:30","7","7","7"
"8/5/2026 12:00:00 AM","Mercredi","50017","154786","PRO PNEUS DEMARTIGNY INC","00:00","13:00","0","0","0"
"8/5/2026 12:00:00 AM","Mercredi","50002","159947","PRODUITS SANITAIRES ROYAL NET INC.","00:00","15:00","17","12","12"
"8/5/2026 12:00:00 AM","Mercredi","50002","163000","PROMOTION DU LIVRE SDM INC","00:00","13:45","0","0","0"
"8/5/2026 12:00:00 AM","Mercredi","50013","301566","PROMOTION RODEL","00:00","15:50","0","0","0"
"8/5/2026 12:00:00 AM","Mercredi","50013","102620","PROMOTIONS ATLANTIQUES","00:00","13:40","22","4","4"
"8/5/2026 12:00:00 AM","Mercredi","50009","158563","QUINCAILLERIE RICHELIEU LTEE","00:00","20:00","86","86","86"
"8/5/2026 12:00:00 AM","Mercredi","50001","102680","QUINCAILLERIE RICHELIEU LTEE RELIABLE","00:00","17:25","34","34","34"
"8/5/2026 12:00:00 AM","Mercredi","50002","302365","SHIPTO","00:00","14:00","75","50","50"
"8/5/2026 12:00:00 AM","Mercredi","50002","303538","SHIPTO 2","00:00","14:00","0","0","0"
"8/5/2026 12:00:00 AM","Mercredi","50012","303003","SIMONS PICKUP ST-BRUNO","00:00","15:30","0","0","0"
"8/5/2026 12:00:00 AM","Mercredi","50024","303547","SPI HEALTH & SAFETY","00:00","17:30","19","16","16"
"8/5/2026 12:00:00 AM","Mercredi","50013","102570","SUPPLEMENTS AROMATIK INC.","00:00","15:15","12","4","4"
"8/5/2026 12:00:00 AM","Mercredi","50001","302225","TANDEM 3PL","00:00","15:00","42","35","35"
"8/5/2026 12:00:00 AM","Mercredi","50011","302190","TECHNOLOGIES EDUCATIO INC","00:00","14:00","95","94","94"
"8/5/2026 12:00:00 AM","Mercredi","50001","302293","UPSIDEDRINKS.CA","00:00","15:15","34","30","30"
"8/5/2026 12:00:00 AM","Mercredi","50024","302414","WAREHOUSE","00:00","17:15","66","55","55"
"8/5/2026 12:00:00 AM","Mercredi","50006 / 50018","145969","MIDLAND TRANSPORT LIMITED","00:00 / 18:00","00:00 / 14:15","88","49","49"
"8/5/2026 12:00:00 AM","Mercredi","50019","165776","TOMRA CANADA INC","15:00","13:45","5","1","1"
"8/5/2026 12:00:00 AM","Mercredi","50018","109105","CANAROPA (1954) INC.","16:30","16:15","6","5","5"
"8/5/2026 12:00:00 AM","Mercredi","50007","301075","KARINE JONCAS COSMETIQUES","16:30","15:15","11","9","9"
"8/5/2026 12:00:00 AM","Mercredi","50013","101472","MESSAGERIES A.D.P. INC. (RETOURS)","16:30","10:00","30","7","7"
"8/5/2026 12:00:00 AM","Mercredi","50024","156202","PROLOGUE (RETOURS)","16:30","13:00","15","5","5"
"8/5/2026 12:00:00 AM","Mercredi","50014","151185","BAYARD PRESSE CANADA INC ( ADELF )","17:00","14:00","20","10","10"
"8/5/2026 12:00:00 AM","Mercredi","50009","109008","CANARM","17:00","13:45","79","24","24"
"8/5/2026 12:00:00 AM","Mercredi","50018","105210","D'AMOUR BICYCLE","17:00","16:45","74","35","35"
"8/5/2026 12:00:00 AM","Mercredi","50013","301226","GRANDWEST ENTERPRISES DISTAM (EASTERN DIVISION)","17:00","16:15","37","22","22"
"8/5/2026 12:00:00 AM","Mercredi","50016","268418","PROVO LTD MTL","17:00","16:15","23","3","3"
"8/5/2026 12:00:00 AM","Mercredi","50012","112005","BUROPRO CITATION DRUMMONVILLE","Non définie","10:15","71","42","42"
"8/5/2026 12:00:00 AM","Mercredi","50019","114309","DANESCO INC","Non définie","14:30","28","5","5"
"8/5/2026 12:00:00 AM","Mercredi","50012","163860","DISTRIBUTION SIGNATURE INC","Non définie","15:00","54","8","8"
"8/5/2026 12:00:00 AM","Mercredi","50019","303546","FASTCO CANADA","Non définie","15:30","63","22","22"
"8/5/2026 12:00:00 AM","Mercredi","50011","111444","LES EDITIONS C.E.C INC (NAT_FLEX )","Non définie","15:30","0","0","0"
"8/5/2026 12:00:00 AM","Mercredi","50002","164445","LES OLIVERAIES STAVROPOULOS","Non définie","15:30","72","29","29"
"8/5/2026 12:00:00 AM","Mercredi","50010","144885","LUDIK DISTRIBUTION","Non définie","14:45","15","3","3"
"8/5/2026 12:00:00 AM","Mercredi","50002","165506","SPICERS CANADA ULC","Non définie","18:45","18","10","10"
"8/5/2026 12:00:00 AM","Mercredi","50027","112140","TC MEDIA LIVRE INC (COLLECT)","Non définie","14:30","26","20","20"
"8/5/2026 12:00:00 AM","Mercredi","50007","303513","YUPIK","Non définie","15:00","16","10","10"
"8/5/2026 12:00:00 AM","Mercredi","50004 / 50024","303322","J.E. MONDOU MASCOUCHE","Non définie / 00:00","20:00 / 23:00","0","0","0"
"8/6/2026 12:00:00 AM","Jeudi","50010","137814","137814","00:00","22:30","29","6","6"
"8/6/2026 12:00:00 AM","Jeudi","50024","303495","A1 IMPORTS","00:00","13:30","55","32","32"
"8/6/2026 12:00:00 AM","Jeudi","50010","101439","ACTION O&P INC","00:00","16:30","9","3","3"
"8/6/2026 12:00:00 AM","Jeudi","50005","301311","AGENCE 2L","00:00","13:45","15","10","10"
"8/6/2026 12:00:00 AM","Jeudi","50011","303629","AUTO COUNTRY MONTRÉAL","00:00","15:00","7","3","3"
"8/6/2026 12:00:00 AM","Jeudi","50011","102790","AUTRUCHE","00:00","13:00","9","4","4"
"8/6/2026 12:00:00 AM","Jeudi","50017","302586","B&B C/O EKKINOX","00:00","14:00","90","49","49"
"8/6/2026 12:00:00 AM","Jeudi","50013","301166","BBQ QUÉBEC LONGUEUIL (B2C)","00:00","13:30","11","9","9"
"8/6/2026 12:00:00 AM","Jeudi","50001","105491","BLC INT'L INC ( LE GROUPE )","00:00","16:45","13","8","8"
"8/6/2026 12:00:00 AM","Jeudi","50019","303280","BOUCLAIR 24 HEURES","00:00","16:00","10","6","6"
"8/6/2026 12:00:00 AM","Jeudi","50016","107821","BROWNING CANADA SPORTS LTEE","00:00","15:30","0","0","0"
"8/6/2026 12:00:00 AM","Jeudi","50016","107820","BROWNING CANADA SPORTS LTEE ( AAF )","00:00","15:30","2","2","2"
"8/6/2026 12:00:00 AM","Jeudi","50012","112008","BUROPRO CITATION ST HYACINTHE","00:00","00:00","0","0","0"
"8/6/2026 12:00:00 AM","Jeudi","50013","167812","CADRES VERBEC INC","00:00","15:20","49","43","43"
"8/6/2026 12:00:00 AM","Jeudi","50014","103109","CAFE BARISTA INC","00:00","14:50","82","22","22"
"8/6/2026 12:00:00 AM","Jeudi","50019","302525","CAMBIUM DISTRIBUTION","00:00","16:45","3","1","1"
"8/6/2026 12:00:00 AM","Jeudi","50012","101680","CAMEMAT INC.","00:00","14:45","6","3","3"
"8/6/2026 12:00:00 AM","Jeudi","50002","110997","CARDINAL COURRIERS LTEE","00:00","18:15","12","11","11"
"8/6/2026 12:00:00 AM","Jeudi","50001","303067","CATSPORTS","00:00","15:45","54","29","29"
"8/6/2026 12:00:00 AM","Jeudi","50010","301984","CHANTAL LACROIX B2C","00:00","13:30","6","6","6"
"8/6/2026 12:00:00 AM","Jeudi","50016","112122","CHAUSSURES M&M FOOTWEAR","00:00","15:00","36","5","5"
"8/6/2026 12:00:00 AM","Jeudi","50004","113333","COMMONWEALTH PLYWOOD (BOUCH)","00:00","19:30","11","10","10"
"8/6/2026 12:00:00 AM","Jeudi","50001","301229","COMPASS GROUP CANADA/MA CAFÉINE","00:00","13:00","9","7","7"
"8/6/2026 12:00:00 AM","Jeudi","50012","300482","CONFORT EXCELFLEX (BLEU ECO)","00:00","14:00","13","8","8"
"8/6/2026 12:00:00 AM","Jeudi","50029","125007","DATA COMMUNICATION","00:00","18:15","13","8","8"
"8/6/2026 12:00:00 AM","Jeudi","50014","118950","DIFFUSION DIMEDIA INC.","00:00","17:00","87","67","67"
"8/6/2026 12:00:00 AM","Jeudi","50014","303598","DIFFUSION DIMEDIA INC. - SNR","00:00","17:00","0","0","0"
"8/6/2026 12:00:00 AM","Jeudi","50014","131120","DISTRIBUTION HMH INC ","00:00","13:30","63","46","46"
"8/6/2026 12:00:00 AM","Jeudi","50027","300627","DISTRIBUTION MORISSETTE","00:00","16:00","80","25","25"
"8/6/2026 12:00:00 AM","Jeudi","50012","155787","DISTRIBUTION PRO EXCELLENCE-87","00:00","13:30","0","0","0"
"8/6/2026 12:00:00 AM","Jeudi","50002","120468","DOMINION BLUELINE","00:00","18:00","11","2","2"
"8/6/2026 12:00:00 AM","Jeudi","50010","120790","DUROPAC","00:00","16:10","23","5","5"
"8/6/2026 12:00:00 AM","Jeudi","50029","166045","EAB TOOL COMPANY","00:00","14:45","33","21","21"
"8/6/2026 12:00:00 AM","Jeudi","50010","121340","ECOLOPHARM INC","00:00","15:15","34","13","13"
"8/6/2026 12:00:00 AM","Jeudi","50001","302624","EMPIRE","00:00","15:30","18","18","18"
"8/6/2026 12:00:00 AM","Jeudi","50002","301238","EVOLUTION","00:00","16:25","19","9","9"
"8/6/2026 12:00:00 AM","Jeudi","50018","124547","FABRAPLY INC.","00:00","14:00","9","4","4"
"8/6/2026 12:00:00 AM","Jeudi","50007","302339","FABRICVILLE","00:00","16:00","6","6","6"
"8/6/2026 12:00:00 AM","Jeudi","50001","303201","FAMILYCROPS","00:00","15:35","0","0","0"
"8/6/2026 12:00:00 AM","Jeudi","50016","302958","FRANKLIN EMPIRE","00:00","16:45","37","18","18"
"8/6/2026 12:00:00 AM","Jeudi","50011","129320","GRAND PRIX IMPORT","00:00","17:10","60","17","17"
"8/6/2026 12:00:00 AM","Jeudi","50001","301022","GROUPE PHARMA","00:00","15:35","78","25","25"
"8/6/2026 12:00:00 AM","Jeudi","50024","129900","GUAY BEAUTE INC","00:00","15:50","31","25","25"
"8/6/2026 12:00:00 AM","Jeudi","50002","130635","HARNOIS ENERGIES","00:00","15:30","91","21","21"
"8/6/2026 12:00:00 AM","Jeudi","50011","131085","HIBBERT INTERNATIONAL INC.","00:00","16:15","27","4","4"
"8/6/2026 12:00:00 AM","Jeudi","50018","131875","HRS GLOBAL (9266-1677 QC INC)","00:00","14:30","18","9","9"
"8/6/2026 12:00:00 AM","Jeudi","50019","303220","L'EMBALLAGE TOUT 3PL PIVAL STE-ANNE DE BELLEVUE","00:00","14:00","62","19","19"
"8/6/2026 12:00:00 AM","Jeudi","50018","302189","LE JEAN BLEU INC","00:00","17:15","0","0","0"
"8/6/2026 12:00:00 AM","Jeudi","50019","302180","LEADER AUTO RESSOURCE","00:00","16:00","96","48","48"
"8/6/2026 12:00:00 AM","Jeudi","50002","168070","LES ATTACHES VISCAN","00:00","17:00","51","34","34"
"8/6/2026 12:00:00 AM","Jeudi","50024","157449","LES EQUIPEMENTS QUEMONT INC","00:00","16:30","25","18","18"
"8/6/2026 12:00:00 AM","Jeudi","50011","164210","LES SOEURS EN VRAC","00:00","16:00","48","20","20"
"8/6/2026 12:00:00 AM","Jeudi","50018","140702","LIEBERMANTEXTILES","00:00","15:00","31","9","9"
"8/6/2026 12:00:00 AM","Jeudi","50027","303591","MAISON JACYNTHE B2B","00:00","15:00","35","1","1"
"8/6/2026 12:00:00 AM","Jeudi","50027","303019","MAISON JACYNTHE INC","00:00","15:00","4","4","4"
"8/6/2026 12:00:00 AM","Jeudi","50024","145369","MARION DISTRIBUTION","00:00","15:15","75","13","13"
"8/6/2026 12:00:00 AM","Jeudi","50001","145425","MARTECH","00:00","14:45","26","14","14"
"8/6/2026 12:00:00 AM","Jeudi","50016","145496","MATCO PACKAGING INC","00:00","16:00","62","21","21"
"8/6/2026 12:00:00 AM","Jeudi","50009","145898","MEDIATECH","00:00","15:30","39","19","19"
"8/6/2026 12:00:00 AM","Jeudi","50018","145915","MEDIQUE MEDICAL SUPPLIES ( MGBR ) INC","00:00","15:00","28","12","12"
"8/6/2026 12:00:00 AM","Jeudi","50007","182019","NASRI  INTERNATIONAL INC","00:00","16:00","8","4","4"
"8/6/2026 12:00:00 AM","Jeudi","50014","150936","NOBLE GIFT","00:00","16:15","1","1","1"
"8/6/2026 12:00:00 AM","Jeudi","50016","302184","NORKA LIVING","00:00","14:30","7","6","6"
"8/6/2026 12:00:00 AM","Jeudi","50017","303452","PARAMEDIC CANADA INC.","00:00","16:00","96","32","32"
"8/6/2026 12:00:00 AM","Jeudi","50017","154786","PRO PNEUS DEMARTIGNY INC","00:00","13:00","0","0","0"
"8/6/2026 12:00:00 AM","Jeudi","50002","159947","PRODUITS SANITAIRES ROYAL NET INC.","00:00","15:00","7","6","6"
"8/6/2026 12:00:00 AM","Jeudi","50002","163000","PROMOTION DU LIVRE SDM INC","00:00","13:45","0","0","0"
"8/6/2026 12:00:00 AM","Jeudi","50013","301566","PROMOTION RODEL","00:00","15:50","2","2","2"
"8/6/2026 12:00:00 AM","Jeudi","50013","102620","PROMOTIONS ATLANTIQUES","00:00","13:40","4","4","4"
"8/6/2026 12:00:00 AM","Jeudi","50009","158563","QUINCAILLERIE RICHELIEU LTEE","00:00","20:00","12","12","12"
"8/6/2026 12:00:00 AM","Jeudi","50001","102680","QUINCAILLERIE RICHELIEU LTEE RELIABLE","00:00","17:25","74","74","74"
"8/6/2026 12:00:00 AM","Jeudi","50029","161402","SANI-MARC INC.","00:00","15:45","59","27","27"
"8/6/2026 12:00:00 AM","Jeudi","50011","161425","SARSTEDT INC.                           ","00:00","15:00","39","22","22"
"8/6/2026 12:00:00 AM","Jeudi","50002","302365","SHIPTO","00:00","14:00","60","47","47"
"8/6/2026 12:00:00 AM","Jeudi","50002","303538","SHIPTO 2","00:00","14:00","0","0","0"
"8/6/2026 12:00:00 AM","Jeudi","50012","303003","SIMONS PICKUP ST-BRUNO","00:00","15:30","0","0","0"
"8/6/2026 12:00:00 AM","Jeudi","50024","303547","SPI HEALTH & SAFETY","00:00","17:30","12","12","12"
"8/6/2026 12:00:00 AM","Jeudi","50013","102570","SUPPLEMENTS AROMATIK INC.","00:00","15:15","15","4","4"
"8/6/2026 12:00:00 AM","Jeudi","50016","164964","SUZY'S INC","00:00","14:30","0","0","0"
"8/6/2026 12:00:00 AM","Jeudi","50001","302225","TANDEM 3PL","00:00","15:00","15","11","11"
"8/6/2026 12:00:00 AM","Jeudi","50001","302293","UPSIDEDRINKS.CA","00:00","15:15","49","39","39"
"8/6/2026 12:00:00 AM","Jeudi","50024","302414","WAREHOUSE","00:00","17:15","62","51","51"
"8/6/2026 12:00:00 AM","Jeudi","50006 / 50018","145969","MIDLAND TRANSPORT LIMITED","00:00 / 18:00","00:00 / 14:15","84","50","50"
"8/6/2026 12:00:00 AM","Jeudi","50019","165776","TOMRA CANADA INC","15:00","13:45","23","23","23"
"8/6/2026 12:00:00 AM","Jeudi","50018","109105","CANAROPA (1954) INC.","16:30","16:15","19","10","10"
"8/6/2026 12:00:00 AM","Jeudi","50007","301075","KARINE JONCAS COSMETIQUES","16:30","15:15","44","27","27"
"8/6/2026 12:00:00 AM","Jeudi","50013","101472","MESSAGERIES A.D.P. INC. (RETOURS)","16:30","10:00","38","6","6"
"8/6/2026 12:00:00 AM","Jeudi","50024","156202","PROLOGUE (RETOURS)","16:30","13:00","33","13","13"
"8/6/2026 12:00:00 AM","Jeudi","50014","151185","BAYARD PRESSE CANADA INC ( ADELF )","17:00","14:00","37","14","14"
"8/6/2026 12:00:00 AM","Jeudi","50009","109008","CANARM","17:00","13:45","37","9","9"
"8/6/2026 12:00:00 AM","Jeudi","50013","301226","GRANDWEST ENTERPRISES DISTAM (EASTERN DIVISION)","17:00","16:15","27","18","18"
"8/6/2026 12:00:00 AM","Jeudi","50016","268418","PROVO LTD MTL","17:00","16:15","57","7","7"
"8/6/2026 12:00:00 AM","Jeudi","50012","112005","BUROPRO CITATION DRUMMONVILLE","Non définie","10:15","79","36","36"
"8/6/2026 12:00:00 AM","Jeudi","50019","114309","DANESCO INC","Non définie","14:30","13","3","3"
"8/6/2026 12:00:00 AM","Jeudi","50012","163860","DISTRIBUTION SIGNATURE INC","Non définie","15:00","65","14","14"
"8/6/2026 12:00:00 AM","Jeudi","50019","303546","FASTCO CANADA","Non définie","15:30","49","18","18"
"8/6/2026 12:00:00 AM","Jeudi","50011","111444","LES EDITIONS C.E.C INC (NAT_FLEX )","Non définie","15:30","0","0","0"
"8/6/2026 12:00:00 AM","Jeudi","50002","164445","LES OLIVERAIES STAVROPOULOS","Non définie","15:30","37","20","20"
"8/6/2026 12:00:00 AM","Jeudi","50027","303523","NOVENTRA INDUSTRIES","Non définie","14:00","0","0","0"
"8/6/2026 12:00:00 AM","Jeudi","50002","165506","SPICERS CANADA ULC","Non définie","18:45","46","19","19"
"8/6/2026 12:00:00 AM","Jeudi","50027","112140","TC MEDIA LIVRE INC (COLLECT)","Non définie","14:30","15","4","4"
"8/6/2026 12:00:00 AM","Jeudi","50007","303513","YUPIK","Non définie","15:00","11","6","6"
"8/6/2026 12:00:00 AM","Jeudi","50004 / 50015","303322","J.E. MONDOU MASCOUCHE","Non définie / 00:00","20:00 / 23:00","0","0","0"
"8/7/2026 12:00:00 AM","Vendredi","50024","303495","A1 IMPORTS","00:00","13:30","25","23","23"
"8/7/2026 12:00:00 AM","Vendredi","50010","101439","ACTION O&P INC","00:00","16:30","10","6","6"
"8/7/2026 12:00:00 AM","Vendredi","50011","303629","AUTO COUNTRY MONTRÉAL","00:00","15:00","0","0","0"
"8/7/2026 12:00:00 AM","Vendredi","50017","302586","B&B C/O EKKINOX","00:00","14:00","31","19","19"
"8/7/2026 12:00:00 AM","Vendredi","50013","301166","BBQ QUÉBEC LONGUEUIL (B2C)","00:00","13:30","0","0","0"
"8/7/2026 12:00:00 AM","Vendredi","50001","105491","BLC INT'L INC ( LE GROUPE )","00:00","16:45","0","0","0"
"8/7/2026 12:00:00 AM","Vendredi","50019","303280","BOUCLAIR 24 HEURES","00:00","16:00","0","0","0"
"8/7/2026 12:00:00 AM","Vendredi","50016","107821","BROWNING CANADA SPORTS LTEE","00:00","15:30","0","0","0"
"8/7/2026 12:00:00 AM","Vendredi","50016","107820","BROWNING CANADA SPORTS LTEE ( AAF )","00:00","15:30","0","0","0"
"8/7/2026 12:00:00 AM","Vendredi","50013","167812","CADRES VERBEC INC","00:00","11:30","22","18","18"
"8/7/2026 12:00:00 AM","Vendredi","50014","103109","CAFE BARISTA INC","00:00","14:50","34","10","10"
"8/7/2026 12:00:00 AM","Vendredi","50019","302525","CAMBIUM DISTRIBUTION","00:00","16:45","31","10","10"
"8/7/2026 12:00:00 AM","Vendredi","50002","110997","CARDINAL COURRIERS LTEE","00:00","18:15","20","15","15"
"8/7/2026 12:00:00 AM","Vendredi","50001","303067","CATSPORTS","00:00","15:45","35","29","29"
"8/7/2026 12:00:00 AM","Vendredi","50010","301984","CHANTAL LACROIX B2C","00:00","13:30","3","3","3"
"8/7/2026 12:00:00 AM","Vendredi","50016","112122","CHAUSSURES M&M FOOTWEAR","00:00","15:00","0","0","0"
"8/7/2026 12:00:00 AM","Vendredi","50002","113333","COMMONWEALTH PLYWOOD (BOUCH)","00:00","19:30","13","12","12"
"8/7/2026 12:00:00 AM","Vendredi","50001","301229","COMPASS GROUP CANADA/MA CAFÉINE","00:00","13:00","11","8","8"
"8/7/2026 12:00:00 AM","Vendredi","50012","300482","CONFORT EXCELFLEX (BLEU ECO)","00:00","11:00","12","10","10"
"8/7/2026 12:00:00 AM","Vendredi","50029","125007","DATA COMMUNICATION","00:00","18:15","16","9","9"
"8/7/2026 12:00:00 AM","Vendredi","50014","118950","DIFFUSION DIMEDIA INC.","00:00","17:00","97","53","53"
"8/7/2026 12:00:00 AM","Vendredi","50014","303598","DIFFUSION DIMEDIA INC. - SNR","00:00","17:00","0","0","0"
"8/7/2026 12:00:00 AM","Vendredi","50027","131120","DISTRIBUTION HMH INC ","00:00","12:00","58","36","36"
"8/7/2026 12:00:00 AM","Vendredi","50013","300627","DISTRIBUTION MORISSETTE","00:00","14:45","57","16","16"
"8/7/2026 12:00:00 AM","Vendredi","50012","155787","DISTRIBUTION PRO EXCELLENCE-87","00:00","13:30","0","0","0"
"8/7/2026 12:00:00 AM","Vendredi","50002","120468","DOMINION BLUELINE","00:00","18:00","2","1","1"
"8/7/2026 12:00:00 AM","Vendredi","50010","120790","DUROPAC","00:00","16:10","25","6","6"
"8/7/2026 12:00:00 AM","Vendredi","50029","166045","EAB TOOL COMPANY","00:00","14:45","41","21","21"
"8/7/2026 12:00:00 AM","Vendredi","50007","302624","EMPIRE","00:00","15:45","32","32","32"
"8/7/2026 12:00:00 AM","Vendredi","50013","130400","ENTREPRISES HAMELIN","00:00","12:50","0","0","0"
"8/7/2026 12:00:00 AM","Vendredi","50002","301238","EVOLUTION","00:00","16:25","5","2","2"
"8/7/2026 12:00:00 AM","Vendredi","50018","124547","FABRAPLY INC.","00:00","14:00","1","1","1"
"8/7/2026 12:00:00 AM","Vendredi","50014","302339","FABRICVILLE","00:00","14:30","11","11","11"
"8/7/2026 12:00:00 AM","Vendredi","50001","303201","FAMILYCROPS","00:00","15:35","0","0","0"
"8/7/2026 12:00:00 AM","Vendredi","50013","125388","FORMEDICA LTEE","00:00","12:00","60","27","27"
"8/7/2026 12:00:00 AM","Vendredi","50016","302958","FRANKLIN EMPIRE","00:00","16:45","26","19","19"
"8/7/2026 12:00:00 AM","Vendredi","50011","129320","GRAND PRIX IMPORT","00:00","17:10","75","16","16"
"8/7/2026 12:00:00 AM","Vendredi","50001","301022","GROUPE PHARMA","00:00","15:35","67","28","28"
"8/7/2026 12:00:00 AM","Vendredi","50002","130635","HARNOIS ENERGIES","00:00","15:30","44","8","8"
"8/7/2026 12:00:00 AM","Vendredi","50011","131085","HIBBERT INTERNATIONAL INC.","00:00","16:15","25","2","2"
"8/7/2026 12:00:00 AM","Vendredi","50018","131875","HRS GLOBAL (9266-1677 QC INC)","00:00","14:30","0","0","0"
"8/7/2026 12:00:00 AM","Vendredi","50019","303220","L'EMBALLAGE TOUT 3PL PIVAL STE-ANNE DE BELLEVUE","00:00","14:00","44","7","7"
"8/7/2026 12:00:00 AM","Vendredi","50018","302189","LE JEAN BLEU INC","00:00","17:15","0","0","0"
"8/7/2026 12:00:00 AM","Vendredi","50024","157449","LES EQUIPEMENTS QUEMONT INC","00:00","16:30","40","26","26"
"8/7/2026 12:00:00 AM","Vendredi","50011","164210","LES SOEURS EN VRAC","00:00","13:00","1","1","1"
"8/7/2026 12:00:00 AM","Vendredi","50018","140702","LIEBERMANTEXTILES","00:00","15:00","19","9","9"
"8/7/2026 12:00:00 AM","Vendredi","50010","144885","LUDIK DISTRIBUTION","00:00","12:45","1","1","1"
"8/7/2026 12:00:00 AM","Vendredi","50013","303591","MAISON JACYNTHE B2B","00:00","15:00","0","0","0"
"8/7/2026 12:00:00 AM","Vendredi","50013","303019","MAISON JACYNTHE INC","00:00","15:00","46","46","46"
"8/7/2026 12:00:00 AM","Vendredi","50024","145369","MARION DISTRIBUTION","00:00","14:00","4","1","1"
"8/7/2026 12:00:00 AM","Vendredi","50007","145425","MARTECH","00:00","15:00","20","7","7"
"8/7/2026 12:00:00 AM","Vendredi","50016","145496","MATCO PACKAGING INC","00:00","16:00","25","7","7"
"8/7/2026 12:00:00 AM","Vendredi","50009","145898","MEDIATECH","00:00","15:30","12","6","6"
"8/7/2026 12:00:00 AM","Vendredi","50018","145915","MEDIQUE MEDICAL SUPPLIES ( MGBR ) INC","00:00","15:00","29","18","18"
"8/7/2026 12:00:00 AM","Vendredi","50014","150936","NOBLE GIFT","00:00","12:30","7","4","4"
"8/7/2026 12:00:00 AM","Vendredi","50016","302184","NORKA LIVING","00:00","14:30","7","5","5"
"8/7/2026 12:00:00 AM","Vendredi","50017","154786","PRO PNEUS DEMARTIGNY INC","00:00","13:00","0","0","0"
"8/7/2026 12:00:00 AM","Vendredi","50002","159947","PRODUITS SANITAIRES ROYAL NET INC.","00:00","15:00","6","5","5"
"8/7/2026 12:00:00 AM","Vendredi","50002","163000","PROMOTION DU LIVRE SDM INC","00:00","13:45","0","0","0"
"8/7/2026 12:00:00 AM","Vendredi","50013","102620","PROMOTIONS ATLANTIQUES","00:00","13:40","0","0","0"
"8/7/2026 12:00:00 AM","Vendredi","50009","158563","QUINCAILLERIE RICHELIEU LTEE","00:00","20:00","0","0","0"
"8/7/2026 12:00:00 AM","Vendredi","50001","102680","QUINCAILLERIE RICHELIEU LTEE RELIABLE","00:00","17:25","70","70","70"
"8/7/2026 12:00:00 AM","Vendredi","50029","161402","SANI-MARC INC.","00:00","15:45","0","0","0"
"8/7/2026 12:00:00 AM","Vendredi","50011","161425","SARSTEDT INC.                           ","00:00","15:00","20","2","2"
"8/7/2026 12:00:00 AM","Vendredi","50002","302365","SHIPTO","00:00","14:00","76","55","55"
"8/7/2026 12:00:00 AM","Vendredi","50002","303538","SHIPTO 2","00:00","14:00","0","0","0"
"8/7/2026 12:00:00 AM","Vendredi","50012","303003","SIMONS PICKUP ST-BRUNO","00:00","15:30","0","0","0"
"8/7/2026 12:00:00 AM","Vendredi","50024","303547","SPI HEALTH & SAFETY","00:00","17:30","13","11","11"
"8/7/2026 12:00:00 AM","Vendredi","50013","102570","SUPPLEMENTS AROMATIK INC.","00:00","11:30","13","6","6"
"8/7/2026 12:00:00 AM","Vendredi","50007","302225","TANDEM 3PL","00:00","15:15","0","0","0"
"8/7/2026 12:00:00 AM","Vendredi","50013","112140","TC MEDIA LIVRE INC (COLLECT)","00:00","12:15","25","18","18"
"8/7/2026 12:00:00 AM","Vendredi","50011","302190","TECHNOLOGIES EDUCATIO INC","00:00","14:00","78","77","77"
"8/7/2026 12:00:00 AM","Vendredi","50007","302293","UPSIDEDRINKS.CA","00:00","15:15","42","32","32"
"8/7/2026 12:00:00 AM","Vendredi","50024","302414","WAREHOUSE","00:00","17:15","39","37","37"
"8/7/2026 12:00:00 AM","Vendredi","50014","303513","YUPIK","00:00","15:00","27","18","18"
"8/7/2026 12:00:00 AM","Vendredi","50019","165776","TOMRA CANADA INC","15:00","13:45","27","27","27"
"8/7/2026 12:00:00 AM","Vendredi","50018","109105","CANAROPA (1954) INC.","16:30","16:15","11","5","5"
"8/7/2026 12:00:00 AM","Vendredi","50013","101472","MESSAGERIES A.D.P. INC. (RETOURS)","16:30","10:00","26","5","5"
"8/7/2026 12:00:00 AM","Vendredi","50024","156202","PROLOGUE (RETOURS)","16:30","13:00","12","3","3"
"8/7/2026 12:00:00 AM","Vendredi","50024","158568","RICOCHET","16:30","14:45","97","27","27"
"8/7/2026 12:00:00 AM","Vendredi","50009","109008","CANARM","17:00","13:45","58","14","14"
"8/7/2026 12:00:00 AM","Vendredi","50018","105210","D'AMOUR BICYCLE","17:00","16:45","39","23","23"
"8/7/2026 12:00:00 AM","Vendredi","50013","301226","GRANDWEST ENTERPRISES DISTAM (EASTERN DIVISION)","17:00","16:15","29","21","21"
"8/7/2026 12:00:00 AM","Vendredi","50016","268418","PROVO LTD MTL","17:00","16:15","64","13","13"
"8/7/2026 12:00:00 AM","Vendredi","50005","301311","AGENCE 2L","Non définie","13:00","39","18","18"
"8/7/2026 12:00:00 AM","Vendredi","50027","151185","BAYARD PRESSE CANADA INC ( ADELF )","Non définie","14:00","7","4","4"
"8/7/2026 12:00:00 AM","Vendredi","50009","103390","BEAUTE STAR INC ( MTL )","Non définie","14:30","75","23","23"
"8/7/2026 12:00:00 AM","Vendredi","50019","114309","DANESCO INC","Non définie","14:30","0","0","0"
"8/7/2026 12:00:00 AM","Vendredi","50027","121395","ERGOGRIP","Non définie","15:05","46","12","12"
"8/7/2026 12:00:00 AM","Vendredi","50019","303546","FASTCO CANADA","Non définie","15:30","27","14","14"
"8/7/2026 12:00:00 AM","Vendredi","50000","303322","J.E. MONDOU MASCOUCHE","Non définie","14:00","0","0","0"
"8/7/2026 12:00:00 AM","Vendredi","50014","301075","KARINE JONCAS COSMETIQUES","Non définie","15:15","49","21","21"
"8/7/2026 12:00:00 AM","Vendredi","50019","302180","LEADER AUTO RESSOURCE","Non définie","15:30","69","29","29"
"8/7/2026 12:00:00 AM","Vendredi","50011","111444","LES EDITIONS C.E.C INC (NAT_FLEX )","Non définie","15:30","0","0","0"
"8/7/2026 12:00:00 AM","Vendredi","50014","182019","NASRI  INTERNATIONAL INC","Non définie","16:00","39","25","25"
"8/7/2026 12:00:00 AM","Vendredi","50013","301566","PROMOTION RODEL","Non définie","11:00","3","3","3"
"8/7/2026 12:00:00 AM","Vendredi","50002","165506","SPICERS CANADA ULC","Non définie","18:45","33","16","16"
"8/7/2026 12:00:00 AM","Vendredi","50027","303299","TRUDEAU CORPORATION INTERNATIONAL INC","Non définie","10:00","4","4","4"
"8/7/2026 12:00:00 AM","Vendredi","50004 / 50018","145969","MIDLAND TRANSPORT LIMITED","Non définie / 18:00","14:15 / 23:45","100","69","69"
